-- phpMyAdmin SQL Dump
-- version 4.0.10.18
-- https://www.phpmyadmin.net
--
-- Host: localhost:3306
-- Generation Time: Feb 10, 2017 at 02:08 PM
-- Server version: 5.6.35
-- PHP Version: 5.6.20

SET SQL_MODE = "NO_AUTO_VALUE_ON_ZERO";
SET time_zone = "+00:00";


/*!40101 SET @OLD_CHARACTER_SET_CLIENT=@@CHARACTER_SET_CLIENT */;
/*!40101 SET @OLD_CHARACTER_SET_RESULTS=@@CHARACTER_SET_RESULTS */;
/*!40101 SET @OLD_COLLATION_CONNECTION=@@COLLATION_CONNECTION */;
/*!40101 SET NAMES utf8 */;

--
-- Database: `cent_school`
--

-- --------------------------------------------------------

--
-- Table structure for table `admin`
--

CREATE TABLE IF NOT EXISTS `admin` (
  `AdminID` smallint(6) NOT NULL AUTO_INCREMENT,
  `Name` varchar(30) NOT NULL,
  `Username` varchar(30) NOT NULL,
  `Password` varchar(30) NOT NULL,
  PRIMARY KEY (`AdminID`)
) ENGINE=InnoDB  DEFAULT CHARSET=latin1 AUTO_INCREMENT=2 ;

--
-- Dumping data for table `admin`
--

INSERT INTO `admin` (`AdminID`, `Name`, `Username`, `Password`) VALUES
(1, 'Arslan Khalid', 'arslan@msis.com', 'arslan');

-- --------------------------------------------------------

--
-- Table structure for table `answer`
--

CREATE TABLE IF NOT EXISTS `answer` (
  `AssesmentID` smallint(6) NOT NULL,
  `QuestionID` smallint(6) NOT NULL,
  `AnswerDetail` varchar(1) NOT NULL,
  PRIMARY KEY (`AssesmentID`,`QuestionID`),
  KEY `QuestionID` (`QuestionID`),
  KEY `AssesmentID` (`AssesmentID`)
) ENGINE=InnoDB DEFAULT CHARSET=latin1;

--
-- Dumping data for table `answer`
--

INSERT INTO `answer` (`AssesmentID`, `QuestionID`, `AnswerDetail`) VALUES
(2, 1, '4'),
(2, 2, '1'),
(2, 3, '2'),
(2, 4, '5'),
(2, 5, '1'),
(2, 6, '4'),
(2, 7, '3'),
(2, 8, '3'),
(2, 9, '5'),
(2, 10, '5'),
(2, 11, '5'),
(2, 12, '3'),
(2, 13, '1'),
(2, 14, '3'),
(3, 1, '3'),
(3, 2, '3'),
(3, 3, '3'),
(3, 4, '3'),
(3, 5, '3'),
(3, 6, '3'),
(3, 7, '3'),
(3, 8, '3'),
(3, 9, '3'),
(3, 10, '3'),
(3, 11, '3'),
(3, 12, '3'),
(3, 13, '3'),
(3, 14, '3'),
(4, 1, '3'),
(4, 2, '4'),
(4, 3, '1'),
(4, 4, '5'),
(4, 5, '3'),
(4, 6, '3'),
(4, 7, '3'),
(4, 8, '3'),
(4, 9, '3'),
(4, 10, '3'),
(4, 11, '3'),
(4, 12, '3'),
(4, 13, '3'),
(4, 14, '3');

-- --------------------------------------------------------

--
-- Table structure for table `article`
--

CREATE TABLE IF NOT EXISTS `article` (
  `ArticleID` smallint(6) NOT NULL AUTO_INCREMENT,
  `TeacherID` smallint(6) NOT NULL,
  `Title` varchar(50) NOT NULL,
  `Description` varchar(200) NOT NULL,
  `Whom` varchar(50) NOT NULL,
  `ContentID` smallint(6) DEFAULT NULL,
  PRIMARY KEY (`ArticleID`),
  KEY `TeacherID` (`TeacherID`),
  KEY `ContentID` (`ContentID`)
) ENGINE=InnoDB  DEFAULT CHARSET=latin1 AUTO_INCREMENT=36 ;

--
-- Dumping data for table `article`
--

INSERT INTO `article` (`ArticleID`, `TeacherID`, `Title`, `Description`, `Whom`, `ContentID`) VALUES
(22, 1, 'Article-1', 'Why we convert NURBS to Poly.', 'Thinker', 358),
(23, 1, 'Article-2', 'Is C is powerful than python', 'Language Analyzers', 359),
(24, 2, 'Article-1', 'This articles helps you to improve hitdetection system in games', 'Game Developers', 360),
(25, 2, 'Article-2', 'Software engineering good practices', 'Quality Makers', 361),
(26, 3, 'Article-1', 'Software engineering good practices', 'Quality Makers', 362),
(27, 3, 'Article-2', 'Why we convert NURBS to Poly.', 'Thinkers', 363),
(28, 4, 'Article-1', 'How algorithems can make effitient', 'Efficient Sensitives', 364),
(29, 4, 'Article-2', 'Software engineering good practices', 'Quality Makers', 365),
(30, 5, 'Article-1', 'This articles helps you to improve hitdetection system in games', 'Game Developers', 366),
(31, 5, 'Article-2', 'Software engineering good practices', 'Quality Makers', 367),
(32, 6, 'Article-1', 'Software engineering good practices', 'Quality Makers', 368),
(33, 6, 'Article-2', 'How algorithems can make effitient', 'Efficient Sensitives', 369),
(34, 7, 'Article-1', 'How algorithems can make effitient', 'Efficient Sensitives', 370),
(35, 7, 'Article-2', 'Is C is powerful than python', 'Language Analyzers', 371);

-- --------------------------------------------------------

--
-- Table structure for table `assesment`
--

CREATE TABLE IF NOT EXISTS `assesment` (
  `AssesmentID` smallint(6) NOT NULL AUTO_INCREMENT,
  `StudentID` smallint(6) NOT NULL,
  `SubjectID` smallint(6) NOT NULL,
  `SectionID` smallint(6) NOT NULL,
  `TeacherID` smallint(6) NOT NULL,
  `Semester` tinyint(4) NOT NULL,
  `Average` float NOT NULL,
  PRIMARY KEY (`AssesmentID`),
  KEY `StudentID` (`StudentID`,`SubjectID`,`TeacherID`),
  KEY `SubjectID` (`SubjectID`),
  KEY `TeacherID` (`TeacherID`),
  KEY `AssesmentID` (`AssesmentID`),
  KEY `AssesmentID_2` (`AssesmentID`),
  KEY `AssesmentID_3` (`AssesmentID`),
  KEY `SectionID` (`SectionID`)
) ENGINE=InnoDB  DEFAULT CHARSET=latin1 AUTO_INCREMENT=5 ;

--
-- Dumping data for table `assesment`
--

INSERT INTO `assesment` (`AssesmentID`, `StudentID`, `SubjectID`, `SectionID`, `TeacherID`, `Semester`, `Average`) VALUES
(2, 1, 40, 1, 1, 8, 64.2857),
(3, 1, 19, 1, 1, 8, 60),
(4, 1, 41, 1, 1, 8, 61.4286);

-- --------------------------------------------------------

--
-- Table structure for table `attendance`
--

CREATE TABLE IF NOT EXISTS `attendance` (
  `LectureID` smallint(6) NOT NULL,
  `StudentID` smallint(6) NOT NULL,
  `Present` char(1) NOT NULL,
  PRIMARY KEY (`LectureID`,`StudentID`),
  KEY `FK_Attendance_Student` (`StudentID`)
) ENGINE=InnoDB DEFAULT CHARSET=latin1;

--
-- Dumping data for table `attendance`
--

INSERT INTO `attendance` (`LectureID`, `StudentID`, `Present`) VALUES
(32, 1, '0'),
(32, 2, '1'),
(32, 3, '1'),
(33, 1, '1'),
(33, 2, '1'),
(33, 3, '0'),
(34, 1, '0'),
(34, 2, '1'),
(34, 3, '1');

-- --------------------------------------------------------

--
-- Table structure for table `attendent`
--

CREATE TABLE IF NOT EXISTS `attendent` (
  `AttendentID` smallint(6) NOT NULL AUTO_INCREMENT,
  `FatherName` varchar(30) NOT NULL,
  `Name` varchar(30) NOT NULL,
  `RoomID` smallint(6) NOT NULL,
  `CNICNo` varchar(17) NOT NULL,
  `Image` varchar(70) DEFAULT NULL,
  `DOB` varchar(10) NOT NULL,
  `JoinDate` varchar(10) NOT NULL,
  `Username` varchar(30) NOT NULL,
  `Password` varchar(30) NOT NULL,
  `PhoneNumber` varchar(15) DEFAULT NULL,
  `MobileNumber` varchar(15) NOT NULL,
  `Email` varchar(30) NOT NULL,
  `PermanentAddress` varchar(100) NOT NULL,
  `PermanentCity` varchar(30) NOT NULL,
  `TempAddress` varchar(100) DEFAULT NULL,
  `TempCity` varchar(30) DEFAULT NULL,
  PRIMARY KEY (`AttendentID`),
  KEY `RoomID` (`RoomID`)
) ENGINE=InnoDB  DEFAULT CHARSET=latin1 AUTO_INCREMENT=2 ;

--
-- Dumping data for table `attendent`
--

INSERT INTO `attendent` (`AttendentID`, `FatherName`, `Name`, `RoomID`, `CNICNo`, `Image`, `DOB`, `JoinDate`, `Username`, `Password`, `PhoneNumber`, `MobileNumber`, `Email`, `PermanentAddress`, `PermanentCity`, `TempAddress`, `TempCity`) VALUES
(1, 'Khalid Saeed', 'Arslan Khalid', 1, '3520294594631', '1.png', '12/12/1990', '04/11/2013', 'arslankhalid@msis.com', 'arslan', '0514434621', '03335367073', 'arslan_khalid@hotmail.com', 'House#14-B, Street# 13, Sector I-15', 'Islamabad', 'House#14-B, Street# 13, Sector I-15', 'Islamabad');

-- --------------------------------------------------------

--
-- Table structure for table `block`
--

CREATE TABLE IF NOT EXISTS `block` (
  `BlockID` smallint(6) NOT NULL AUTO_INCREMENT,
  `Name` varchar(30) NOT NULL,
  `TotalFloors` tinyint(4) NOT NULL,
  PRIMARY KEY (`BlockID`)
) ENGINE=InnoDB  DEFAULT CHARSET=latin1 AUTO_INCREMENT=4 ;

--
-- Dumping data for table `block`
--

INSERT INTO `block` (`BlockID`, `Name`, `TotalFloors`) VALUES
(1, 'Academic Block I', 3),
(2, 'Academic Block II', 3),
(3, 'Academic Block III', 4);

-- --------------------------------------------------------

--
-- Table structure for table `catalog`
--

CREATE TABLE IF NOT EXISTS `catalog` (
  `DisciplineID` smallint(6) NOT NULL,
  `SubjectID` smallint(6) NOT NULL,
  `Semester` tinyint(3) NOT NULL,
  PRIMARY KEY (`DisciplineID`,`SubjectID`),
  KEY `SubjectID` (`SubjectID`)
) ENGINE=InnoDB DEFAULT CHARSET=latin1;

--
-- Dumping data for table `catalog`
--

INSERT INTO `catalog` (`DisciplineID`, `SubjectID`, `Semester`) VALUES
(1, 1, 1),
(1, 2, 2),
(1, 3, 5),
(1, 4, 7),
(1, 5, 1),
(1, 6, 1),
(1, 7, 1),
(1, 8, 1),
(1, 9, 1),
(1, 10, 2),
(1, 11, 2),
(1, 12, 2),
(1, 13, 2),
(1, 14, 2),
(1, 15, 3),
(1, 16, 3),
(1, 17, 3),
(1, 18, 3),
(1, 19, 3),
(1, 20, 4),
(1, 21, 4),
(1, 22, 4),
(1, 23, 4),
(1, 24, 4),
(1, 25, 5),
(1, 26, 5),
(1, 27, 5),
(1, 28, 5),
(1, 29, 7),
(1, 30, 6),
(1, 31, 6),
(1, 32, 6),
(1, 33, 6),
(1, 34, 6),
(1, 35, 7),
(1, 36, 7),
(1, 37, 7),
(1, 39, 8),
(1, 40, 8),
(1, 41, 8);

-- --------------------------------------------------------

--
-- Table structure for table `class`
--

CREATE TABLE IF NOT EXISTS `class` (
  `ClassID` smallint(6) NOT NULL AUTO_INCREMENT,
  `SubjectID` smallint(6) NOT NULL,
  `SectionID` smallint(6) NOT NULL,
  PRIMARY KEY (`ClassID`),
  KEY `FK_Class_Section` (`SectionID`),
  KEY `SubjectID` (`SubjectID`,`SectionID`)
) ENGINE=InnoDB  DEFAULT CHARSET=latin1 AUTO_INCREMENT=243 ;

--
-- Dumping data for table `class`
--

INSERT INTO `class` (`ClassID`, `SubjectID`, `SectionID`) VALUES
(231, 1, 15),
(237, 1, 16),
(219, 2, 13),
(225, 2, 14),
(189, 3, 7),
(194, 3, 8),
(169, 4, 3),
(174, 4, 4),
(232, 5, 15),
(238, 5, 16),
(233, 6, 15),
(239, 6, 16),
(234, 7, 15),
(240, 7, 16),
(235, 8, 15),
(241, 8, 16),
(236, 9, 15),
(242, 9, 16),
(220, 10, 13),
(226, 10, 14),
(221, 11, 13),
(227, 11, 14),
(222, 12, 13),
(228, 12, 14),
(223, 13, 13),
(229, 13, 14),
(224, 14, 13),
(230, 14, 14),
(209, 15, 11),
(214, 15, 12),
(210, 16, 11),
(215, 16, 12),
(211, 17, 11),
(216, 17, 12),
(212, 18, 11),
(217, 18, 12),
(213, 19, 11),
(218, 19, 12),
(199, 20, 9),
(204, 20, 10),
(200, 21, 9),
(205, 21, 10),
(201, 22, 9),
(206, 22, 10),
(202, 23, 9),
(207, 23, 10),
(203, 24, 9),
(208, 24, 10),
(190, 25, 7),
(195, 25, 8),
(191, 26, 7),
(196, 26, 8),
(192, 27, 7),
(197, 27, 8),
(193, 28, 7),
(198, 28, 8),
(170, 29, 3),
(175, 29, 4),
(179, 30, 5),
(184, 30, 6),
(180, 31, 5),
(185, 31, 6),
(181, 32, 5),
(186, 32, 6),
(182, 33, 5),
(187, 33, 6),
(183, 34, 5),
(188, 34, 6),
(171, 35, 3),
(176, 35, 4),
(172, 36, 3),
(177, 36, 4),
(173, 37, 3),
(178, 37, 4),
(163, 39, 1),
(166, 39, 2),
(164, 40, 1),
(167, 40, 2),
(165, 41, 1),
(168, 41, 2);

-- --------------------------------------------------------

--
-- Table structure for table `classattendance`
--

CREATE TABLE IF NOT EXISTS `classattendance` (
  `ClassID` smallint(6) NOT NULL,
  `SlotID` smallint(6) NOT NULL,
  `Date` varchar(11) NOT NULL,
  `Status` varchar(1) NOT NULL,
  PRIMARY KEY (`ClassID`,`SlotID`,`Date`),
  KEY `ClassID` (`ClassID`,`SlotID`),
  KEY `SlotID` (`SlotID`)
) ENGINE=InnoDB DEFAULT CHARSET=latin1;

--
-- Dumping data for table `classattendance`
--

INSERT INTO `classattendance` (`ClassID`, `SlotID`, `Date`, `Status`) VALUES
(231, 7, '06/02/2013', '1');

-- --------------------------------------------------------

--
-- Table structure for table `content`
--

CREATE TABLE IF NOT EXISTS `content` (
  `ContentID` smallint(6) NOT NULL AUTO_INCREMENT,
  `TeacherID` smallint(6) NOT NULL,
  `OnDate` varchar(12) NOT NULL,
  `FileName` varchar(100) DEFAULT NULL,
  PRIMARY KEY (`ContentID`),
  KEY `TeacherID` (`TeacherID`)
) ENGINE=InnoDB  DEFAULT CHARSET=latin1 AUTO_INCREMENT=374 ;

--
-- Dumping data for table `content`
--

INSERT INTO `content` (`ContentID`, `TeacherID`, `OnDate`, `FileName`) VALUES
(38, 1, '04/27/2013', '38.rar'),
(39, 1, '01/01/1970', '39.rar'),
(40, 1, '04/26/2013', '40.rar'),
(41, 1, '04/30/2013', '41.rar'),
(42, 1, '04/30/2013', '42.rar'),
(43, 1, '01/01/1970', '43.rar'),
(44, 1, '04/30/2013', '44.rar'),
(45, 1, '04/27/2013', '45.rar'),
(46, 1, '04/28/2013', '46.rar'),
(47, 1, '01/01/1970', '47.rar'),
(48, 1, '04/27/2013', '48.rar'),
(49, 1, '04/26/2013', '49.rar'),
(50, 1, '04/28/2013', '50.rar'),
(51, 1, '01/01/1970', '51.rar'),
(52, 1, '04/26/2013', '52.rar'),
(53, 1, '04/28/2013', '53.rar'),
(54, 1, '04/28/2013', '54.rar'),
(55, 1, '01/01/1970', '55.rar'),
(56, 1, '04/29/2013', '56.rar'),
(57, 1, '04/29/2013', '57.rar'),
(58, 1, '04/26/2013', '58.rar'),
(59, 1, '01/01/1970', '59.rar'),
(60, 1, '04/27/2013', '60.rar'),
(61, 1, '04/30/2013', '61.rar'),
(62, 1, '04/27/2013', '62.rar'),
(63, 1, '01/01/1970', '63.rar'),
(64, 1, '04/30/2013', '64.rar'),
(65, 1, '04/30/2013', '65.rar'),
(66, 1, '04/26/2013', '66.rar'),
(67, 1, '01/01/1970', '67.rar'),
(68, 1, '04/26/2013', '68.rar'),
(69, 1, '04/26/2013', '69.rar'),
(70, 1, '04/30/2013', '70.rar'),
(71, 1, '01/01/1970', '71.rar'),
(72, 1, '04/30/2013', '72.rar'),
(73, 1, '04/28/2013', '73.rar'),
(74, 1, '04/27/2013', '74.rar'),
(75, 1, '01/01/1970', '75.rar'),
(76, 1, '04/29/2013', '76.rar'),
(77, 1, '04/27/2013', '77.rar'),
(78, 1, '04/28/2013', '78.rar'),
(79, 1, '01/01/1970', '79.rar'),
(80, 1, '04/28/2013', '80.rar'),
(81, 1, '04/28/2013', '81.rar'),
(82, 1, '04/29/2013', '82.rar'),
(83, 1, '01/01/1970', '83.rar'),
(84, 1, '04/27/2013', '84.rar'),
(85, 1, '04/29/2013', '85.rar'),
(86, 1, '04/29/2013', '86.rar'),
(87, 1, '01/01/1970', '87.rar'),
(88, 1, '04/28/2013', '88.rar'),
(89, 1, '04/28/2013', '89.rar'),
(90, 1, '04/27/2013', '90.rar'),
(91, 1, '01/01/1970', '91.rar'),
(92, 1, '04/28/2013', '92.rar'),
(93, 1, '04/30/2013', '93.rar'),
(94, 1, '04/30/2013', '94.rar'),
(95, 1, '01/01/1970', '95.rar'),
(96, 1, '04/30/2013', '96.rar'),
(97, 1, '04/27/2013', '97.rar'),
(98, 1, '04/28/2013', '98.rar'),
(99, 1, '01/01/1970', '99.rar'),
(100, 1, '04/30/2013', '100.rar'),
(101, 1, '04/27/2013', '101.rar'),
(102, 1, '04/28/2013', '102.rar'),
(103, 1, '01/01/1970', '103.rar'),
(104, 1, '04/30/2013', '104.rar'),
(105, 1, '04/30/2013', '105.rar'),
(106, 1, '04/26/2013', '106.rar'),
(107, 1, '01/01/1970', '107.rar'),
(108, 1, '04/30/2013', '108.rar'),
(109, 1, '04/29/2013', '109.rar'),
(110, 1, '04/27/2013', '110.rar'),
(111, 1, '01/01/1970', '111.rar'),
(112, 1, '04/30/2013', '112.rar'),
(113, 1, '04/26/2013', '113.rar'),
(114, 1, '04/28/2013', '114.rar'),
(115, 1, '01/01/1970', '115.rar'),
(116, 1, '04/30/2013', '116.rar'),
(117, 1, '04/28/2013', '117.rar'),
(118, 1, '04/29/2013', '118.rar'),
(119, 1, '01/01/1970', '119.rar'),
(120, 1, '04/27/2013', '120.rar'),
(121, 1, '04/29/2013', '121.rar'),
(122, 1, '04/28/2013', '122.rar'),
(123, 1, '01/01/1970', '123.rar'),
(124, 1, '04/28/2013', '124.rar'),
(125, 1, '04/27/2013', '125.rar'),
(126, 1, '04/30/2013', '126.rar'),
(127, 1, '01/01/1970', '127.rar'),
(128, 1, '04/28/2013', '128.rar'),
(129, 1, '04/26/2013', '129.rar'),
(130, 1, '04/28/2013', '130.rar'),
(131, 1, '01/01/1970', '131.rar'),
(132, 1, '04/29/2013', '132.rar'),
(133, 1, '04/26/2013', '133.rar'),
(134, 1, '04/29/2013', '134.rar'),
(135, 1, '01/01/1970', '135.rar'),
(136, 1, '04/27/2013', '136.rar'),
(137, 1, '04/26/2013', '137.rar'),
(138, 1, '04/29/2013', '138.rar'),
(139, 1, '01/01/1970', '139.rar'),
(140, 1, '04/30/2013', '140.rar'),
(141, 1, '04/27/2013', '141.rar'),
(142, 1, '04/28/2013', '142.rar'),
(143, 1, '01/01/1970', '143.rar'),
(144, 1, '04/30/2013', '144.rar'),
(145, 1, '04/29/2013', '145.rar'),
(146, 1, '04/30/2013', '146.rar'),
(147, 1, '01/01/1970', '147.rar'),
(148, 1, '04/30/2013', '148.rar'),
(149, 1, '04/28/2013', '149.rar'),
(150, 1, '04/27/2013', '150.rar'),
(151, 1, '01/01/1970', '151.rar'),
(152, 1, '04/26/2013', '152.rar'),
(153, 1, '04/30/2013', '153.rar'),
(154, 1, '04/26/2013', '154.rar'),
(155, 1, '01/01/1970', '155.rar'),
(156, 1, '04/26/2013', '156.rar'),
(157, 1, '04/30/2013', '157.rar'),
(158, 1, '04/28/2013', '158.rar'),
(159, 1, '01/01/1970', '159.rar'),
(160, 1, '04/29/2013', '160.rar'),
(161, 1, '04/29/2013', '161.rar'),
(162, 1, '04/29/2013', '162.rar'),
(163, 1, '01/01/1970', '163.rar'),
(164, 1, '04/28/2013', '164.rar'),
(165, 1, '04/30/2013', '165.rar'),
(166, 1, '04/27/2013', '166.rar'),
(167, 1, '01/01/1970', '167.rar'),
(168, 1, '04/27/2013', '168.rar'),
(169, 1, '04/30/2013', '169.rar'),
(170, 1, '04/26/2013', '170.rar'),
(171, 1, '01/01/1970', '171.rar'),
(172, 1, '04/30/2013', '172.rar'),
(173, 1, '04/27/2013', '173.rar'),
(174, 1, '04/30/2013', '174.rar'),
(175, 1, '01/01/1970', '175.rar'),
(176, 1, '04/30/2013', '176.rar'),
(177, 1, '04/29/2013', '177.rar'),
(178, 1, '04/30/2013', '178.rar'),
(179, 1, '01/01/1970', '179.rar'),
(180, 1, '04/30/2013', '180.rar'),
(181, 1, '04/30/2013', '181.rar'),
(182, 1, '04/30/2013', '182.rar'),
(183, 1, '01/01/1970', '183.rar'),
(184, 1, '04/30/2013', '184.rar'),
(185, 1, '04/29/2013', '185.rar'),
(186, 1, '04/30/2013', '186.rar'),
(187, 1, '01/01/1970', '187.rar'),
(188, 1, '04/29/2013', '188.rar'),
(189, 1, '04/26/2013', '189.rar'),
(190, 1, '04/29/2013', '190.rar'),
(191, 1, '01/01/1970', '191.rar'),
(192, 1, '04/29/2013', '192.rar'),
(193, 1, '04/27/2013', '193.rar'),
(194, 1, '04/26/2013', '194.rar'),
(195, 1, '01/01/1970', '195.rar'),
(196, 1, '04/30/2013', '196.rar'),
(197, 1, '04/30/2013', '197.rar'),
(198, 1, '04/30/2013', '198.rar'),
(199, 1, '01/01/1970', '199.rar'),
(200, 1, '04/28/2013', '200.rar'),
(201, 1, '04/30/2013', '201.rar'),
(202, 1, '04/27/2013', '202.rar'),
(203, 1, '01/01/1970', '203.rar'),
(204, 1, '04/30/2013', '204.rar'),
(205, 1, '04/27/2013', '205.rar'),
(206, 1, '04/30/2013', '206.rar'),
(207, 1, '01/01/1970', '207.rar'),
(208, 1, '04/27/2013', '208.rar'),
(209, 1, '04/27/2013', '209.rar'),
(210, 1, '04/26/2013', '210.rar'),
(211, 1, '01/01/1970', '211.rar'),
(212, 1, '04/30/2013', '212.rar'),
(213, 1, '04/29/2013', '213.rar'),
(214, 1, '04/28/2013', '214.rar'),
(215, 1, '01/01/1970', '215.rar'),
(216, 1, '04/26/2013', '216.rar'),
(217, 1, '04/30/2013', '217.rar'),
(218, 1, '04/27/2013', '218.rar'),
(219, 1, '01/01/1970', '219.rar'),
(220, 1, '04/30/2013', '220.rar'),
(221, 1, '04/26/2013', '221.rar'),
(222, 1, '04/30/2013', '222.rar'),
(223, 1, '01/01/1970', '223.rar'),
(224, 1, '04/27/2013', '224.rar'),
(225, 1, '04/28/2013', '225.rar'),
(226, 1, '04/30/2013', '226.rar'),
(227, 1, '01/01/1970', '227.rar'),
(228, 1, '04/27/2013', '228.rar'),
(229, 1, '04/27/2013', '229.rar'),
(230, 1, '04/29/2013', '230.rar'),
(231, 1, '01/01/1970', '231.rar'),
(232, 1, '04/30/2013', '232.rar'),
(233, 1, '04/28/2013', '233.rar'),
(234, 1, '04/29/2013', '234.rar'),
(235, 1, '01/01/1970', '235.rar'),
(236, 1, '04/27/2013', '236.rar'),
(237, 1, '04/27/2013', '237.rar'),
(238, 1, '04/28/2013', '238.rar'),
(239, 1, '01/01/1970', '239.rar'),
(240, 1, '04/26/2013', '240.rar'),
(241, 1, '04/29/2013', '241.rar'),
(242, 1, '04/26/2013', '242.rar'),
(243, 1, '01/01/1970', '243.rar'),
(244, 1, '04/26/2013', '244.rar'),
(245, 1, '04/26/2013', '245.rar'),
(246, 1, '04/28/2013', '246.rar'),
(247, 1, '01/01/1970', '247.rar'),
(248, 1, '04/29/2013', '248.rar'),
(249, 1, '04/29/2013', '249.rar'),
(250, 1, '04/26/2013', '250.rar'),
(251, 1, '01/01/1970', '251.rar'),
(252, 1, '04/27/2013', '252.rar'),
(253, 1, '04/28/2013', '253.rar'),
(254, 1, '04/27/2013', '254.rar'),
(255, 1, '01/01/1970', '255.rar'),
(256, 1, '04/28/2013', '256.rar'),
(257, 1, '04/26/2013', '257.rar'),
(258, 1, '04/30/2013', '258.rar'),
(259, 1, '01/01/1970', '259.rar'),
(260, 1, '04/28/2013', '260.rar'),
(261, 1, '04/26/2013', '261.rar'),
(262, 1, '04/30/2013', '262.rar'),
(263, 1, '01/01/1970', '263.rar'),
(264, 1, '04/27/2013', '264.rar'),
(265, 1, '04/29/2013', '265.rar'),
(266, 1, '04/28/2013', '266.rar'),
(267, 1, '01/01/1970', '267.rar'),
(268, 1, '04/28/2013', '268.rar'),
(269, 1, '04/27/2013', '269.rar'),
(270, 1, '04/30/2013', '270.rar'),
(271, 1, '01/01/1970', '271.rar'),
(272, 1, '04/28/2013', '272.rar'),
(273, 1, '04/26/2013', '273.rar'),
(274, 1, '04/29/2013', '274.rar'),
(275, 1, '01/01/1970', '275.rar'),
(276, 1, '04/26/2013', '276.rar'),
(277, 1, '04/26/2013', '277.rar'),
(278, 1, '04/26/2013', '278.rar'),
(279, 1, '01/01/1970', '279.rar'),
(280, 1, '04/29/2013', '280.rar'),
(281, 1, '04/30/2013', '281.rar'),
(282, 1, '04/29/2013', '282.rar'),
(283, 1, '01/01/1970', '283.rar'),
(284, 1, '04/29/2013', '284.rar'),
(285, 1, '04/28/2013', '285.rar'),
(286, 1, '04/28/2013', '286.rar'),
(287, 1, '01/01/1970', '287.rar'),
(288, 1, '04/28/2013', '288.rar'),
(289, 1, '04/29/2013', '289.rar'),
(290, 1, '04/26/2013', '290.rar'),
(291, 1, '01/01/1970', '291.rar'),
(292, 1, '04/29/2013', '292.rar'),
(293, 1, '04/26/2013', '293.rar'),
(294, 1, '04/29/2013', '294.rar'),
(295, 1, '01/01/1970', '295.rar'),
(296, 1, '04/28/2013', '296.rar'),
(297, 1, '04/26/2013', '297.rar'),
(298, 1, '04/28/2013', '298.rar'),
(299, 1, '01/01/1970', '299.rar'),
(300, 1, '04/30/2013', '300.rar'),
(301, 1, '04/29/2013', '301.rar'),
(302, 1, '04/30/2013', '302.rar'),
(303, 1, '01/01/1970', '303.rar'),
(304, 1, '04/30/2013', '304.rar'),
(305, 1, '04/27/2013', '305.rar'),
(306, 1, '04/28/2013', '306.rar'),
(307, 1, '01/01/1970', '307.rar'),
(308, 1, '04/26/2013', '308.rar'),
(309, 1, '04/28/2013', '309.rar'),
(310, 1, '04/30/2013', '310.rar'),
(311, 1, '01/01/1970', '311.rar'),
(312, 1, '04/30/2013', '312.rar'),
(313, 1, '04/28/2013', '313.rar'),
(314, 1, '04/29/2013', '314.rar'),
(315, 1, '01/01/1970', '315.rar'),
(316, 1, '04/26/2013', '316.rar'),
(317, 1, '04/29/2013', '317.rar'),
(318, 1, '04/26/2013', '318.rar'),
(319, 1, '01/01/1970', '319.rar'),
(320, 1, '04/27/2013', '320.rar'),
(321, 1, '04/27/2013', '321.rar'),
(322, 1, '04/26/2013', '322.rar'),
(323, 1, '01/01/1970', '323.rar'),
(324, 1, '04/26/2013', '324.rar'),
(325, 1, '04/29/2013', '325.rar'),
(326, 1, '04/29/2013', '326.rar'),
(327, 1, '01/01/1970', '327.rar'),
(328, 1, '04/30/2013', '328.rar'),
(329, 1, '04/30/2013', '329.rar'),
(330, 1, '04/27/2013', '330.rar'),
(331, 1, '01/01/1970', '331.rar'),
(332, 1, '04/29/2013', '332.rar'),
(333, 1, '04/29/2013', '333.rar'),
(334, 1, '04/27/2013', '334.rar'),
(335, 1, '01/01/1970', '335.rar'),
(336, 1, '04/30/2013', '336.rar'),
(337, 1, '04/26/2013', '337.rar'),
(338, 1, '04/28/2013', '338.rar'),
(339, 1, '01/01/1970', '339.rar'),
(340, 1, '04/27/2013', '340.rar'),
(341, 1, '04/27/2013', '341.rar'),
(342, 1, '04/26/2013', '342.rar'),
(343, 1, '01/01/1970', '343.rar'),
(344, 1, '04/26/2013', '344.rar'),
(345, 1, '04/29/2013', '345.rar'),
(346, 1, '04/29/2013', '346.rar'),
(347, 1, '01/01/1970', '347.rar'),
(348, 1, '04/26/2013', '348.rar'),
(349, 1, '04/28/2013', '349.rar'),
(350, 1, '04/29/2013', '350.rar'),
(351, 1, '01/01/1970', '351.rar'),
(352, 1, '04/28/2013', '352.rar'),
(353, 1, '04/27/2013', '353.rar'),
(354, 1, '04/27/2013', '354.rar'),
(355, 1, '01/01/1970', '355.rar'),
(356, 1, '04/27/2013', '356.rar'),
(357, 1, '04/26/2013', '357.rar'),
(358, 1, '05/31/2013', '358.rar'),
(359, 1, '05/31/2013', '359.rar'),
(360, 2, '05/31/2013', '360.rar'),
(361, 2, '05/31/2013', '361.rar'),
(362, 3, '05/31/2013', '362.rar'),
(363, 3, '05/31/2013', '363.rar'),
(364, 4, '05/31/2013', '364.rar'),
(365, 4, '05/31/2013', '365.rar'),
(366, 5, '05/31/2013', '366.rar'),
(367, 5, '05/31/2013', '367.rar'),
(368, 6, '05/31/2013', '368.rar'),
(369, 6, '05/31/2013', '369.rar'),
(370, 7, '05/31/2013', '370.rar'),
(371, 7, '05/31/2013', '371.rar'),
(373, 1, '06/02/2013', '373.rar');

-- --------------------------------------------------------

--
-- Table structure for table `coordinator`
--

CREATE TABLE IF NOT EXISTS `coordinator` (
  `CoordinatorID` smallint(6) NOT NULL AUTO_INCREMENT,
  `DepartmentID` smallint(6) NOT NULL,
  `Name` varchar(30) NOT NULL,
  `FatherName` varchar(30) NOT NULL,
  `CNICNo` varchar(17) NOT NULL,
  `Image` varchar(30) DEFAULT NULL,
  `DOB` varchar(10) NOT NULL,
  `JoinDate` varchar(10) NOT NULL,
  `Username` varchar(30) NOT NULL,
  `Password` varchar(30) NOT NULL,
  `PhoneNumber` varchar(15) DEFAULT NULL,
  `MobileNumber` varchar(15) NOT NULL,
  `Email` varchar(30) NOT NULL,
  `PermanentAddress` varchar(100) NOT NULL,
  `PermanentCity` varchar(30) NOT NULL,
  `TempAddress` varchar(100) DEFAULT NULL,
  `TempCity` varchar(30) DEFAULT NULL,
  PRIMARY KEY (`CoordinatorID`),
  KEY `DisciplineID` (`DepartmentID`)
) ENGINE=InnoDB  DEFAULT CHARSET=latin1 AUTO_INCREMENT=3 ;

--
-- Dumping data for table `coordinator`
--

INSERT INTO `coordinator` (`CoordinatorID`, `DepartmentID`, `Name`, `FatherName`, `CNICNo`, `Image`, `DOB`, `JoinDate`, `Username`, `Password`, `PhoneNumber`, `MobileNumber`, `Email`, `PermanentAddress`, `PermanentCity`, `TempAddress`, `TempCity`) VALUES
(1, 4, 'Arslan Khalid', 'Khalid Saeed', '3520294594631', 'mine.png', '04/17/2013', '04/20/2013', 'arslankhd@msis.com', 'arslan', '0514467857', '03335367073', 'arslan_khalid@hotmail.com', 'House#13-B, Sector I-91', 'Rawalpindi', 'House#13-B, Sector I-9', 'Islamabad'),
(2, 7, 'Saqiq Mohammad', 'Mohammad Ahmad', '3520294584634', '2.png', '12/12/1990', '04/20/2013', 'sadiq@msis.com', 'sadiq', '0518895745', '03236233870', 'bilal_ahmad_0@yahoo.com', 'House#13-B, Sector I-9', 'Islamabad', 'House#13-B, Sector I-9', 'Islamabad');

-- --------------------------------------------------------

--
-- Table structure for table `criteria`
--

CREATE TABLE IF NOT EXISTS `criteria` (
  `Entity` varchar(20) NOT NULL,
  `Value` varchar(12) NOT NULL,
  PRIMARY KEY (`Entity`)
) ENGINE=InnoDB DEFAULT CHARSET=latin1;

--
-- Dumping data for table `criteria`
--

INSERT INTO `criteria` (`Entity`, `Value`) VALUES
('Assesment', 'Open'),
('CourseAllotment', 'Open'),
('CUD', 'Open'),
('InterestCourse', 'Open'),
('LowMarks', '50'),
('MarksDeadline', '05/14/2013'),
('MaxCreditHours', '22'),
('MinCreditHours', '12'),
('RegisterCourse', 'Close'),
('ShowTimetable', 'Open'),
('SubjectRepeat', '60'),
('UploadFileSize', '5');

-- --------------------------------------------------------

--
-- Table structure for table `departments`
--

CREATE TABLE IF NOT EXISTS `departments` (
  `DepartmentID` smallint(6) NOT NULL AUTO_INCREMENT,
  `Name` varchar(30) NOT NULL,
  `Code` varchar(10) NOT NULL,
  PRIMARY KEY (`DepartmentID`)
) ENGINE=InnoDB  DEFAULT CHARSET=latin1 AUTO_INCREMENT=9 ;

--
-- Dumping data for table `departments`
--

INSERT INTO `departments` (`DepartmentID`, `Name`, `Code`) VALUES
(4, 'Comuter Science', 'CS'),
(5, 'Electrical Engineering', 'EE'),
(6, 'Management Science', 'MGT'),
(7, 'Humanities', 'HUM'),
(8, 'Mathematics', 'MTH');

-- --------------------------------------------------------

--
-- Table structure for table `discipline`
--

CREATE TABLE IF NOT EXISTS `discipline` (
  `DisciplineID` smallint(6) NOT NULL AUTO_INCREMENT,
  `DisciplineName` varchar(50) NOT NULL,
  `DisciplineCode` varchar(7) NOT NULL,
  `TotalSemester` tinyint(4) NOT NULL,
  `GraduationLevelID` smallint(6) NOT NULL,
  `DepartmentID` smallint(6) NOT NULL,
  PRIMARY KEY (`DisciplineID`),
  KEY `FK_Discipline_Departments` (`DepartmentID`),
  KEY `GraduationLevelID` (`GraduationLevelID`,`DepartmentID`)
) ENGINE=InnoDB  DEFAULT CHARSET=latin1 AUTO_INCREMENT=4 ;

--
-- Dumping data for table `discipline`
--

INSERT INTO `discipline` (`DisciplineID`, `DisciplineName`, `DisciplineCode`, `TotalSemester`, `GraduationLevelID`, `DepartmentID`) VALUES
(1, 'Bachelor in Computer Science', 'BCS', 8, 1, 4),
(3, 'Bachelor in Business Administration', 'BBA', 8, 1, 6);

-- --------------------------------------------------------

--
-- Table structure for table `dropsubject`
--

CREATE TABLE IF NOT EXISTS `dropsubject` (
  `StudentID` smallint(6) NOT NULL,
  `SubjectID` smallint(6) NOT NULL,
  `Type` char(1) NOT NULL,
  PRIMARY KEY (`StudentID`,`SubjectID`),
  KEY `StudentID` (`StudentID`,`SubjectID`),
  KEY `SubjectID` (`SubjectID`)
) ENGINE=InnoDB DEFAULT CHARSET=latin1;

-- --------------------------------------------------------

--
-- Table structure for table `graduationlevel`
--

CREATE TABLE IF NOT EXISTS `graduationlevel` (
  `GraduationLevelID` smallint(6) NOT NULL AUTO_INCREMENT,
  `GraduationLevelName` varchar(50) NOT NULL,
  `GraduationLevelCode` varchar(10) NOT NULL,
  PRIMARY KEY (`GraduationLevelID`)
) ENGINE=InnoDB  DEFAULT CHARSET=latin1 AUTO_INCREMENT=4 ;

--
-- Dumping data for table `graduationlevel`
--

INSERT INTO `graduationlevel` (`GraduationLevelID`, `GraduationLevelName`, `GraduationLevelCode`) VALUES
(1, 'Under Graduate', 'UG'),
(2, 'Graduate', 'G'),
(3, 'Post Graduate', 'PG');

-- --------------------------------------------------------

--
-- Table structure for table `lecture`
--

CREATE TABLE IF NOT EXISTS `lecture` (
  `LectureID` smallint(6) NOT NULL AUTO_INCREMENT,
  `Title` varchar(30) NOT NULL,
  `ClassID` smallint(6) NOT NULL,
  `Description` varchar(100) NOT NULL,
  `Date` varchar(12) NOT NULL,
  `Lab` varchar(1) NOT NULL,
  `StartTime` time NOT NULL,
  `EndTime` time NOT NULL,
  `ContentID` smallint(6) DEFAULT NULL,
  PRIMARY KEY (`LectureID`),
  KEY `FK_Lecture_Content` (`ContentID`),
  KEY `ClassID` (`ClassID`,`ContentID`)
) ENGINE=InnoDB  DEFAULT CHARSET=latin1 AUTO_INCREMENT=38 ;

--
-- Dumping data for table `lecture`
--

INSERT INTO `lecture` (`LectureID`, `Title`, `ClassID`, `Description`, `Date`, `Lab`, `StartTime`, `EndTime`, `ContentID`) VALUES
(31, 'Ghouri', 237, 'Ahmad ', '06/01/2013', '0', '12:00:00', '13:30:00', 373),
(32, 'hhh', 163, 'jhjhj', '10/10/2016', '0', '11:00:00', '12:30:00', NULL),
(33, 'Frequency Districbution', 163, 'Delivered lecture on the Frequency Distributions & real life applications', '01/04/2017', '0', '06:00:00', '07:30:00', NULL),
(34, 'Abc Testing', 163, 'Test Course Added', '01/02/2017', '0', '09:00:00', '10:30:00', NULL),
(35, 'TestTestTest', 163, 'dasdasda dasd asderew rwew rwerewrewwer', '01/03/2017', '0', '09:00:00', '10:30:00', NULL),
(36, 'djsalkk', 163, 'asdfas fdkshdlk shflskjdf sflksfkjshdflkdsjhf lskjdfhsdfdf', '12/14/2016', '0', '09:00:00', '10:30:00', NULL),
(37, 'test', 163, 'test', '01/04/2017', '0', '08:00:00', '09:00:00', NULL);

-- --------------------------------------------------------

--
-- Table structure for table `logfile`
--

CREATE TABLE IF NOT EXISTS `logfile` (
  `LogID` smallint(6) NOT NULL AUTO_INCREMENT,
  `UserType` varchar(15) DEFAULT NULL,
  `UserID` smallint(6) NOT NULL,
  `Date` varchar(10) NOT NULL,
  `Action` varchar(70) NOT NULL,
  PRIMARY KEY (`LogID`)
) ENGINE=InnoDB  DEFAULT CHARSET=latin1 AUTO_INCREMENT=1036 ;

--
-- Dumping data for table `logfile`
--

INSERT INTO `logfile` (`LogID`, `UserType`, `UserID`, `Date`, `Action`) VALUES
(183, 'Coordinator', 1, '30-3-2013', 'Register a new Student in MSIS System'),
(184, 'Coordinator', 1, '30-3-2013', 'Updated a student record in MSIS System'),
(185, 'Coordinator', 1, '30-3-2013', 'Updated a student record in MSIS System'),
(186, 'Admin', 1, '30-3-2013', 'Update profile of Admin in MSIS System'),
(187, 'Coordinator', 1, '31-3-2013', 'Updated coordinator profile in MSIS System'),
(188, 'Coordinator', 1, '31-3-2013', 'Updated coordinator profile in MSIS System'),
(189, 'Teacher', 1, '31-3-2013', 'Updated teacher profile in MSIS System'),
(190, 'Coordinator', 1, '31-3-2013', 'New Section has been added'),
(191, 'Student', 5, '01-4-2013', 'Log in MSIS System through Website'),
(192, 'Student', 5, '01-4-2013', 'Updated student profile in MSIS System'),
(193, 'Student', 5, '01-4-2013', 'Updated student profile in MSIS System'),
(194, 'Admin', 1, '01-4-2013', 'Log in MSIS System through Website'),
(195, 'Admin', 1, '01-4-2013', 'Register a new Coordinator in MSIS System'),
(196, 'Admin', 1, '01-4-2013', 'Change a record of coordinator in MSIS System'),
(197, 'Admin', 1, '01-4-2013', 'Log in MSIS System through Website'),
(198, 'Admin', 1, '01-4-2013', 'Log in MSIS System through Website'),
(199, 'Admin', 1, '01-4-2013', 'Register a new Coordinator in MSIS System'),
(200, 'Admin', 1, '01-4-2013', 'Register a new Coordinator in MSIS System'),
(201, 'Admin', 1, '01-4-2013', 'Register a new Coordinator in MSIS System'),
(202, 'Admin', 1, '01-4-2013', 'Register a new Coordinator in MSIS System'),
(203, 'Admin', 1, '01-4-2013', 'Log in MSIS System through Website'),
(204, 'Admin', 1, '01-4-2013', 'Log in MSIS System through Website'),
(205, 'Admin', 1, '01-4-2013', 'Change a record of coordinator in MSIS System'),
(206, 'Admin', 1, '01-4-2013', 'Log in MSIS System through Website'),
(207, 'Admin', 1, '01-4-2013', 'Register a new Coordinator in MSIS System'),
(208, 'Admin', 1, '02-4-2013', 'Log in MSIS System through Website'),
(209, 'Coordinator', 1, '02-4-2013', 'Log in MSIS System through Website'),
(210, 'Coordinator', 1, '02-4-2013', 'Log in MSIS System through Website'),
(211, 'Admin', 1, '02-4-2013', 'Log in MSIS System through Website'),
(212, 'Admin', 1, '02-4-2013', 'Register a new Coordinator in MSIS System'),
(213, 'Admin', 1, '02-4-2013', 'Log in MSIS System through Website'),
(214, 'Admin', 1, '02-4-2013', 'Register a new Coordinator in MSIS System'),
(215, 'Coordinator', 1, '02-4-2013', 'Log in MSIS System through Website'),
(216, 'Admin', 1, '02-4-2013', 'Log in MSIS System through Website'),
(217, 'Admin', 1, '02-4-2013', 'Change a record of coordinator in MSIS System'),
(218, 'Admin', 1, '02-4-2013', 'Change a record of coordinator in MSIS System'),
(219, 'Admin', 1, '02-4-2013', 'Change a record of coordinator in MSIS System'),
(220, 'Admin', 1, '02-4-2013', 'Change a record of coordinator in MSIS System'),
(221, 'Admin', 1, '02-4-2013', 'Updating teacher record in MSIS System'),
(222, 'Coordinator', 1, '02-4-2013', 'Log in MSIS System through Website'),
(223, 'Coordinator', 1, '02-4-2013', 'Updated a student record in MSIS System'),
(224, 'Coordinator', 1, '02-4-2013', 'Updated coordinator profile in MSIS System'),
(225, 'Admin', 1, '02-4-2013', 'Log in MSIS System through Website'),
(226, 'Admin', 1, '02-4-2013', 'Update profile of Admin in MSIS System'),
(227, 'Admin', 1, '02-4-2013', 'Update profile of Admin in MSIS System'),
(228, 'Admin', 1, '03-4-2013', 'Update profile of Admin in MSIS System'),
(229, 'Admin', 1, '03-4-2013', 'Log in MSIS System through Website'),
(230, 'Teacher', 1, '03-4-2013', 'Log in MSIS System through Website'),
(231, 'Teacher', 1, '03-4-2013', 'Updated teacher profile in MSIS System'),
(232, 'Student', 5, '03-4-2013', 'Log in MSIS System through Website'),
(233, 'Student', 5, '03-4-2013', 'Updated student profile in MSIS System'),
(234, 'Coordinator', 1, '03-4-2013', 'Log in MSIS System through Website'),
(235, 'Admin', 1, '03-4-2013', 'Log in MSIS System through Website'),
(236, 'Admin', 1, '03-4-2013', 'New room has been added'),
(237, 'Admin', 1, '03-4-2013', 'Log in MSIS System through Website'),
(238, 'Student', 5, '03-4-2013', 'Log in MSIS System through Website'),
(239, 'Student', 5, '03-4-2013', 'Log in MSIS System through Website'),
(240, 'Coordinator', 1, '03-4-2013', 'Log in MSIS System through Website'),
(241, 'Admin', 1, '03-4-2013', 'Log in MSIS System through Website'),
(242, 'Teacher', 1, '04-4-2013', 'Log in MSIS System through Website'),
(243, 'Student', 30, '05-4-2013', 'Login from mobile'),
(244, 'Student', 30, '05-4-2013', 'Login from mobile'),
(245, 'Student', 30, '05-4-2013', 'Login from mobile'),
(246, 'Student', 30, '05-4-2013', 'Login from mobile'),
(247, 'Student', 30, '05-4-2013', 'Login from mobile'),
(248, 'Student', 30, '05-4-2013', 'Login from mobile'),
(249, 'Student', 30, '05-4-2013', 'Login from mobile'),
(250, 'Student', 30, '05-4-2013', 'Login from mobile'),
(251, 'Student', 5, '05-4-2013', 'Login from mobile'),
(252, 'Student', 5, '05-4-2013', 'Login from mobile'),
(253, 'Student', 30, '05-4-2013', 'Login from mobile'),
(254, 'Student', 30, '05-4-2013', 'Login from mobile'),
(255, 'Student', 30, '05-4-2013', 'Login from mobile'),
(256, 'Student', 30, '05-4-2013', 'Login from mobile'),
(257, 'Student', 30, '05-4-2013', 'Login from mobile'),
(258, 'Student', 30, '05-4-2013', 'Login from mobile'),
(259, 'Student', 30, '05-4-2013', 'Login from mobile'),
(260, 'Student', 30, '05-4-2013', 'Login from mobile'),
(261, 'Student', 30, '05-4-2013', 'Login from mobile'),
(262, 'Student', 30, '05-4-2013', 'Login from mobile'),
(263, 'Student', 30, '05-4-2013', 'Login from mobile'),
(264, 'Student', 30, '05-4-2013', 'Login from mobile'),
(265, 'Student', 30, '05-4-2013', 'Login from mobile'),
(266, 'Student', 1, '05-4-2013', 'Login from mobile'),
(267, 'Student', 30, '05-4-2013', 'Login from mobile'),
(268, 'Student', 1, '05-4-2013', 'Login from mobile'),
(269, 'Student', 30, '05-4-2013', 'Login from mobile'),
(270, 'Student', 30, '05-4-2013', 'Login from mobile'),
(271, 'Student', 16, '05-4-2013', 'Login from mobile'),
(272, 'Student', 16, '05-4-2013', 'Login from mobile'),
(273, 'Student', 26, '05-4-2013', 'Login from mobile'),
(274, 'Student', 26, '05-4-2013', 'Login from mobile'),
(275, 'Student', 16, '05-4-2013', 'Login from mobile'),
(276, 'Student', 1, '05-4-2013', 'Login from mobile'),
(277, 'Student', 30, '05-4-2013', 'Login from mobile'),
(278, 'Student', 1, '05-4-2013', 'Login from mobile'),
(279, 'Student', 1, '05-4-2013', 'Login from mobile'),
(280, 'Student', 1, '05-4-2013', 'Login from mobile'),
(281, 'Student', 1, '05-4-2013', 'Login from mobile'),
(282, 'Student', 30, '05-4-2013', 'Login from mobile'),
(283, 'Student', 30, '05-4-2013', 'Login from mobile'),
(284, 'Student', 5, '05-4-2013', 'Login from mobile'),
(285, 'Student', 30, '05-4-2013', 'Login from mobile'),
(286, 'Student', 30, '05-4-2013', 'Login from mobile'),
(287, 'Student', 1, '05-4-2013', 'Login from mobile'),
(288, 'Student', 30, '05-4-2013', 'Login from mobile'),
(289, 'Student', 1, '05-4-2013', 'Login from mobile'),
(290, 'Student', 1, '05-4-2013', 'Login from mobile'),
(291, 'Student', 30, '06-4-2013', 'Login from mobile'),
(292, 'Student', 1, '06-4-2013', 'Login from mobile'),
(293, 'Student', 1, '06-4-2013', 'Login from mobile'),
(294, 'Student', 1, '06-4-2013', 'Login from mobile'),
(295, 'Student', 1, '06-4-2013', 'Login from mobile'),
(296, 'Student', 1, '06-4-2013', 'Login from mobile'),
(297, 'Student', 1, '06-4-2013', 'Login from mobile'),
(298, 'Student', 30, '06-4-2013', 'Login from mobile'),
(299, 'Student', 30, '06-4-2013', 'Login from mobile'),
(300, 'Student', 30, '06-4-2013', 'Login from mobile'),
(301, 'Student', 1, '06-4-2013', 'Login from mobile'),
(302, 'Student', 30, '06-4-2013', 'Login from mobile'),
(303, 'Student', 30, '06-4-2013', 'Login from mobile'),
(304, 'Student', 30, '06-4-2013', 'Login from mobile'),
(305, 'Student', 1, '06-4-2013', 'Login from mobile'),
(306, 'Student', 30, '06-4-2013', 'Login from mobile'),
(307, 'Student', 30, '06-4-2013', 'Login from mobile'),
(308, 'Student', 30, '06-4-2013', 'Login from mobile'),
(309, 'Student', 30, '06-4-2013', 'Login from mobile'),
(310, 'Student', 30, '06-4-2013', 'Login from mobile'),
(311, 'Student', 30, '06-4-2013', 'Login from mobile'),
(312, 'Student', 30, '06-4-2013', 'Login from mobile'),
(313, 'Student', 30, '06-4-2013', 'Login from mobile'),
(314, 'Student', 30, '06-4-2013', 'Login from mobile'),
(315, 'Student', 30, '06-4-2013', 'Login from mobile'),
(316, 'Student', 30, '06-4-2013', 'Login from mobile'),
(317, 'Student', 30, '06-4-2013', 'Login from mobile'),
(318, 'Student', 30, '06-4-2013', 'Login from mobile'),
(319, 'Student', 30, '06-4-2013', 'Login from mobile'),
(320, 'Student', 30, '06-4-2013', 'Login from mobile'),
(321, 'Student', 30, '06-4-2013', 'Login from mobile'),
(322, 'Attendant', 1, '06-4-2013', 'Login from mobile'),
(323, 'Attendant', 1, '06-4-2013', 'Login from mobile'),
(324, 'Attendant', 0, '06-4-2013', 'Login from mobile'),
(325, 'Attendant', 1, '06-4-2013', 'Login from mobile'),
(326, 'Attendant', 1, '06-4-2013', 'Login from mobile'),
(327, 'Attendant', 1, '06-4-2013', 'Login from mobile'),
(328, 'Attendant', 1, '06-4-2013', 'Login from mobile'),
(329, 'Attendant', 1, '06-4-2013', 'Login from mobile'),
(330, 'Attendant', 1, '06-4-2013', 'Login from mobile'),
(331, 'Attendant', 1, '06-4-2013', 'Login from mobile'),
(332, 'Attendant', 1, '06-4-2013', 'Login from mobile'),
(333, 'Attendant', 1, '06-4-2013', 'Login from mobile'),
(334, 'Attendant', 1, '06-4-2013', 'Login from mobile'),
(335, 'Attendant', 1, '06-4-2013', 'Login from mobile'),
(336, 'Attendant', 1, '06-4-2013', 'Login from mobile'),
(337, 'Attendant', 1, '06-4-2013', 'Login from mobile'),
(338, 'Attendant', 1, '06-4-2013', 'Login from mobile'),
(339, 'Attendant', 1, '06-4-2013', 'Login from mobile'),
(340, 'Attendant', 1, '07-4-2013', 'Login from mobile'),
(341, 'Attendant', 1, '07-4-2013', 'Login from mobile'),
(342, 'Attendant', 1, '07-4-2013', 'Login from mobile'),
(343, 'Attendant', 1, '07-4-2013', 'Login from mobile'),
(344, 'Attendant', 1, '07-4-2013', 'Login from mobile'),
(345, 'Attendant', 1, '07-4-2013', 'Login from mobile'),
(346, 'Attendant', 1, '07-4-2013', 'Login from mobile'),
(347, 'Attendant', 1, '07-4-2013', 'Login from mobile'),
(348, 'Attendant', 1, '07-4-2013', 'Login from mobile'),
(349, 'Attendant', 1, '07-4-2013', 'Login from mobile'),
(350, 'Attendant', 1, '07-4-2013', 'Login from mobile'),
(351, 'Attendant', 1, '07-4-2013', 'Login from mobile'),
(352, 'Attendant', 1, '07-4-2013', 'Login from mobile'),
(353, 'Attendant', 1, '07-4-2013', 'Login from mobile'),
(354, 'Attendant', 1, '07-4-2013', 'Login from mobile'),
(355, 'Attendant', 1, '07-4-2013', 'Login from mobile'),
(356, 'Attendant', 1, '07-4-2013', 'Login from mobile'),
(357, 'Attendant', 1, '07-4-2013', 'Login from mobile'),
(358, 'Student', 5, '07-4-2013', 'Login from mobile'),
(359, 'Student', 30, '07-4-2013', 'Login from mobile'),
(360, 'Student', 1, '07-4-2013', 'Login from mobile'),
(361, 'Student', 30, '07-4-2013', 'Login from mobile'),
(362, 'Student', 1, '07-4-2013', 'Login from mobile'),
(363, 'Student', 30, '07-4-2013', 'Login from mobile'),
(364, 'Student', 1, '07-4-2013', 'Login from mobile'),
(365, 'Student', 1, '07-4-2013', 'Login from mobile'),
(366, 'Student', 1, '07-4-2013', 'Login from mobile'),
(367, 'Student', 26, '07-4-2013', 'Login from mobile'),
(368, 'Student', 1, '07-4-2013', 'Login from mobile'),
(369, 'Attendant', 1, '07-4-2013', 'Login from mobile'),
(370, 'Attendant', 1, '08-4-2013', 'Login from mobile'),
(371, 'Attendant', 1, '08-4-2013', 'Login from mobile'),
(372, 'Attendant', 1, '08-4-2013', 'Login from mobile'),
(373, 'Attendant', 1, '08-4-2013', 'Login from mobile'),
(374, 'Attendant', 1, '08-4-2013', 'Login from mobile'),
(375, 'Attendant', 1, '08-4-2013', 'Login from mobile'),
(376, 'Attendant', 1, '08-4-2013', 'Login from mobile'),
(377, 'Attendant', 1, '08-4-2013', 'Login from mobile'),
(378, 'Teacher', 1, '09-4-2013', 'Log in MSIS System through Website'),
(379, 'Student', 1, '09-4-2013', 'Log in MSIS System through Website'),
(380, 'Student', 1, '09-4-2013', 'Log in MSIS System through Website'),
(381, 'Student', 1, '09-4-2013', 'Log in MSIS System through Website'),
(382, 'Teacher', 1, '09-4-2013', 'Log in MSIS System through Website'),
(383, 'Teacher', 1, '09-4-2013', 'Log in MSIS System through Website'),
(384, 'Coordinator', 1, '09-4-2013', 'Log in MSIS System through Website'),
(385, 'Coordinator', 1, '09-4-2013', 'Alloted a course to teacher.'),
(386, 'Coordinator', 1, '09-4-2013', 'Alloted a course to teacher.'),
(387, 'Admin', 1, '10-4-2013', 'Log in MSIS System through Website'),
(388, 'Admin', 1, '10-4-2013', 'Log in MSIS System through Website'),
(389, 'Student', 1, '10-4-2013', 'Log in MSIS System through Website'),
(390, 'Student', 1, '10-4-2013', 'Log in MSIS System through Website'),
(391, 'Teacher', 1, '10-4-2013', 'Log in MSIS System through Website'),
(392, 'Student', 1, '10-4-2013', 'Log in MSIS System through Website'),
(393, 'Admin', 1, '10-4-2013', 'Log in MSIS System through Website'),
(394, 'Admin', 1, '10-4-2013', 'Log in MSIS System through Website'),
(395, 'Admin', 1, '10-4-2013', 'Log in MSIS System through Website'),
(396, 'Teacher', 1, '10-4-2013', 'Log in MSIS System through Website'),
(397, 'Student', 1, '10-4-2013', 'Log in MSIS System through Website'),
(398, 'Admin', 1, '10-4-2013', 'Log in MSIS System through Website'),
(399, 'Teacher', 1, '10-4-2013', 'Log in MSIS System through Website'),
(400, 'Admin', 1, '10-4-2013', 'Log in MSIS System through Website'),
(401, 'Teacher', 1, '10-4-2013', 'Log in MSIS System through Website'),
(402, 'Student', 1, '11-4-2013', 'Log in MSIS System through Website'),
(403, 'Teacher', 1, '11-4-2013', 'Log in MSIS System through Website'),
(404, 'Student', 1, '11-4-2013', 'Log in MSIS System through Website'),
(405, 'Admin', 1, '11-4-2013', 'Log in MSIS System through Website'),
(406, 'Coordinator', 1, '11-4-2013', 'Log in MSIS System through Website'),
(407, 'Admin', 1, '11-4-2013', 'Log in MSIS System through Website'),
(408, 'Coordinator', 1, '11-4-2013', 'Log in MSIS System through Website'),
(409, 'Admin', 1, '11-4-2013', 'Log in MSIS System through Website'),
(410, 'Coordinator', 1, '11-4-2013', 'Log in MSIS System through Website'),
(411, 'Student', 1, '11-4-2013', 'Log in MSIS System through Website'),
(412, 'Admin', 1, '11-4-2013', 'Log in MSIS System through Website'),
(413, 'Student', 1, '11-4-2013', 'Log in MSIS System through Website'),
(414, 'Admin', 1, '11-4-2013', 'Update a record of attendant in MSIS System'),
(415, 'Admin', 1, '11-4-2013', 'Update a record of attendant in MSIS System'),
(416, 'Admin', 1, '11-4-2013', 'Update a record of attendant in MSIS System'),
(417, 'Admin', 1, '12-4-2013', 'Log in MSIS System through Website'),
(418, 'Teacher', 1, '12-4-2013', 'Log in MSIS System through Website'),
(419, 'Admin', 1, '13-4-2013', 'Log in MSIS System through Website'),
(420, 'Admin', 1, '16-4-2013', 'Log in MSIS System through Website'),
(421, 'Admin', 1, '16-4-2013', 'Update profile of Admin in MSIS System'),
(422, 'Teacher', 1, '16-4-2013', 'Log in MSIS System through Website'),
(423, 'Coordinator', 1, '16-4-2013', 'Log in MSIS System through Website'),
(424, 'Student', 1, '16-4-2013', 'Log in MSIS System through Website'),
(425, 'Admin', 1, '16-4-2013', 'Log in MSIS System through Website'),
(426, 'Admin', 1, '16-4-2013', 'Update profile of Admin in MSIS System'),
(427, 'Admin', 1, '16-4-2013', 'Update a record of attendant in MSIS System'),
(428, 'Admin', 1, '16-4-2013', 'Update a record of attendant in MSIS System'),
(429, 'Admin', 1, '16-4-2013', 'Log in MSIS System through Website'),
(430, 'Admin', 1, '17-4-2013', 'Log in MSIS System through Website'),
(431, 'Teacher', 1, '17-4-2013', 'Log in MSIS System through Website'),
(432, 'Admin', 1, '17-4-2013', 'Log in MSIS System through Website'),
(433, 'Teacher', 1, '17-4-2013', 'Log in MSIS System through Website'),
(434, 'Teacher', 1, '17-4-2013', 'Log in MSIS System through Website'),
(435, 'Teacher', 1, '17-4-2013', 'Log in MSIS System through Website'),
(436, 'Teacher', 1, '17-4-2013', 'Log in MSIS System through Website'),
(437, 'Teacher', 1, '17-4-2013', 'Log in MSIS System through Website'),
(438, 'Teacher', 1, '17-4-2013', 'Log in MSIS System through Website'),
(439, 'Teacher', 1, '17-4-2013', 'Log in MSIS System through Website'),
(440, 'Teacher', 1, '17-4-2013', 'Log in MSIS System through Website'),
(441, 'Teacher', 1, '18-4-2013', 'Log in MSIS System through Website'),
(442, 'Teacher', 1, '18-4-2013', 'Added Lecture Details in MSIS System'),
(443, 'Teacher', 1, '18-4-2013', 'Added Lecture Details in MSIS System'),
(444, 'Teacher', 1, '18-4-2013', 'Added Lecture Details in MSIS System'),
(445, 'Teacher', 1, '18-4-2013', 'Added Lecture Details in MSIS System'),
(446, 'Teacher', 1, '18-4-2013', 'Added Lecture Details in MSIS System'),
(447, 'Teacher', 1, '18-4-2013', 'Added Lecture Details in MSIS System'),
(448, 'Teacher', 1, '19-4-2013', 'Log in MSIS System through Website'),
(449, 'Admin', 1, '19-4-2013', 'Log in MSIS System through Website'),
(450, 'Teacher', 1, '19-4-2013', 'Log in MSIS System through Website'),
(451, 'Teacher', 1, '19-4-2013', 'Added Lecture Details in MSIS System'),
(452, 'Student', 1, '19-4-2013', 'Log in MSIS System through Website'),
(453, 'Teacher', 1, '19-4-2013', 'Log in MSIS System through Website'),
(454, 'Teacher', 1, '19-4-2013', 'Added Lecture Details in MSIS System'),
(455, 'Teacher', 1, '19-4-2013', 'Added Lecture Details in MSIS System'),
(456, 'Teacher', 1, '19-4-2013', 'Added Lecture Details in MSIS System'),
(457, 'Student', 2, '19-4-2013', 'Log in MSIS System through Website'),
(458, 'Teacher', 2, '19-4-2013', 'Log in MSIS System through Website'),
(459, 'Student', 2, '19-4-2013', 'Log in MSIS System through Website'),
(460, 'Admin', 1, '19-4-2013', 'Log in MSIS System through Website'),
(461, 'Admin', 1, '20-4-2013', 'Log in MSIS System through Website'),
(462, 'Admin', 1, '20-4-2013', 'Register a new attendant in MSIS System'),
(463, 'Admin', 1, '20-4-2013', 'Log in MSIS System through Website'),
(464, 'Admin', 1, '20-4-2013', 'Change a record of coordinator in MSIS System'),
(465, 'Admin', 1, '20-4-2013', 'Register a new Coordinator in MSIS System'),
(466, 'Admin', 1, '20-4-2013', 'Register a new teacher in MSIS System'),
(467, 'Admin', 1, '20-4-2013', 'Log in MSIS System through Website'),
(468, 'Admin', 1, '20-4-2013', 'Log in MSIS System through Website'),
(469, 'Teacher', 1, '21-4-2013', 'Log in MSIS System through Website'),
(470, 'Teacher', 1, '21-4-2013', 'Log in MSIS System through Website'),
(471, 'Teacher', 1, '22-4-2013', 'Log in MSIS System through Website'),
(472, 'Admin', 1, '22-4-2013', 'Log in MSIS System through Website'),
(473, 'Admin', 1, '22-4-2013', 'Log in MSIS System through Website'),
(474, 'Teacher', 1, '22-4-2013', 'Log in MSIS System through Website'),
(475, 'Teacher', 1, '22-4-2013', 'Log in MSIS System through Website'),
(476, 'Teacher', 1, '22-4-2013', 'Updated teacher profile in MSIS System'),
(477, 'Teacher', 1, '22-4-2013', 'Log in MSIS System through Website'),
(478, 'Teacher', 1, '22-4-2013', 'Log in MSIS System through Website'),
(479, 'Teacher', 1, '22-4-2013', 'Log in MSIS System through Website'),
(480, 'Teacher', 1, '22-4-2013', 'Log in MSIS System through Website'),
(481, 'Student', 1, '22-4-2013', 'Log in MSIS System through Website'),
(482, 'Teacher', 1, '22-4-2013', 'Log in MSIS System through Website'),
(483, 'Student', 1, '22-4-2013', 'Log in MSIS System through Website'),
(484, 'Student', 1, '22-4-2013', 'Log in MSIS System through Website'),
(485, 'Student', 1, '22-4-2013', 'Register Courses For New Semester'),
(486, 'Student', 1, '22-4-2013', 'Filled an Assesment Form'),
(487, 'Teacher', 1, '22-4-2013', 'Log in MSIS System through Website'),
(488, 'Teacher', 1, '25-4-2013', 'Log in MSIS System through Website'),
(489, 'Teacher', 1, '26-4-2013', 'Log in MSIS System through Website'),
(490, 'Teacher', 1, '26-4-2013', 'Updated teacher profile in MSIS System'),
(491, 'Teacher', 1, '27-4-2013', 'Log in MSIS System through Website'),
(492, 'Teacher', 1, '27-4-2013', 'Log in MSIS System through Website'),
(493, 'Student', 1, '27-4-2013', 'Log in MSIS System through Website'),
(494, 'Student', 1, '29-4-2013', 'Log in MSIS System through Website'),
(495, 'Teacher', 1, '30-4-2013', 'Log in MSIS System through Website'),
(496, 'Student', 1, '30-4-2013', 'Log in MSIS System through Website'),
(497, 'Teacher', 1, '30-4-2013', 'Log in MSIS System through Website'),
(498, 'Admin', 1, '01-5-2013', 'Log in MSIS System through Website'),
(499, 'Admin', 1, '03-5-2013', 'Log in MSIS System through Website'),
(500, 'Coordinator', 1, '03-5-2013', 'Log in MSIS System through Website'),
(501, 'Teacher', 1, '03-5-2013', 'Log in MSIS System through Website'),
(502, 'Coordinator', 1, '03-5-2013', 'Log in MSIS System through Website'),
(503, 'Teacher', 1, '03-5-2013', 'Log in MSIS System through Website'),
(504, 'Teacher', 1, '03-5-2013', 'Log in MSIS System through Website'),
(505, 'Admin', 1, '03-5-2013', 'Log in MSIS System through Website'),
(506, 'Admin', 1, '03-5-2013', 'Log in MSIS System through Website'),
(507, 'Admin', 1, '03-5-2013', 'Log in MSIS System through Website'),
(508, 'Admin', 1, '03-5-2013', 'Log in MSIS System through Website'),
(509, 'Admin', 1, '03-5-2013', 'Update profile of Admin in MSIS System'),
(510, 'Coordinator', 1, '03-5-2013', 'Log in MSIS System through Website'),
(511, 'Teacher', 1, '03-5-2013', 'Log in MSIS System through Website'),
(512, 'Student', 1, '03-5-2013', 'Log in MSIS System through Website'),
(513, 'Student', 1, '03-5-2013', 'Log in MSIS System through Website'),
(514, 'Student', 1, '03-5-2013', 'Log in MSIS System through Website'),
(515, 'Admin', 1, '04-5-2013', 'Log in MSIS System through Website'),
(516, 'Admin', 1, '04-5-2013', 'New department has been added'),
(517, 'Admin', 1, '04-5-2013', 'Log in MSIS System through Website'),
(518, 'Student', 1, '04-5-2013', 'Log in MSIS System through Website'),
(519, 'Student', 1, '04-5-2013', 'Log in MSIS System through Website'),
(520, 'Coordinator', 1, '04-5-2013', 'Log in MSIS System through Website'),
(521, 'Coordinator', 1, '05-5-2013', 'Log in MSIS System through Website'),
(522, 'Teacher', 1, '05-5-2013', 'Log in MSIS System through Website'),
(523, 'Teacher', 1, '07-5-2013', 'Log in MSIS System through Website'),
(524, 'Coordinator', 1, '08-5-2013', 'Log in MSIS System through Website'),
(525, 'Coordinator', 1, '08-5-2013', 'Log in MSIS System through Website'),
(526, 'Coordinator', 1, '13-5-2013', 'Log in MSIS System through Website'),
(527, 'Coordinator', 1, '13-5-2013', 'Log in MSIS System through Website'),
(528, 'Teacher', 1, '13-5-2013', 'Log in MSIS System through Website'),
(529, 'Coordinator', 1, '13-5-2013', 'Add Time Table in MSIS System'),
(530, 'Coordinator', 1, '13-5-2013', 'Add Time Table in MSIS System'),
(531, 'Coordinator', 1, '13-5-2013', 'Add Time Table in MSIS System'),
(532, 'Coordinator', 1, '13-5-2013', 'Log in MSIS System through Website'),
(533, 'Admin', 1, '13-5-2013', 'Log in MSIS System through Website'),
(534, 'Coordinator', 1, '13-5-2013', 'Log in MSIS System through Website'),
(535, 'Coordinator', 1, '13-5-2013', 'Add Time Table in MSIS System'),
(536, 'Coordinator', 1, '13-5-2013', 'Delete Time Table in MSIS System'),
(537, 'Coordinator', 1, '13-5-2013', 'Update Table in MSIS System'),
(538, 'Coordinator', 1, '13-5-2013', 'Update Table in MSIS System'),
(539, 'Coordinator', 1, '13-5-2013', 'Update Table in MSIS System'),
(540, 'Coordinator', 1, '13-5-2013', 'Update Table in MSIS System'),
(541, 'Coordinator', 1, '13-5-2013', 'Update Table in MSIS System'),
(542, 'Coordinator', 1, '13-5-2013', 'Update Table in MSIS System'),
(543, 'Coordinator', 1, '13-5-2013', 'Update Table in MSIS System'),
(544, 'Coordinator', 1, '13-5-2013', 'Update Table in MSIS System'),
(545, 'Coordinator', 1, '13-5-2013', 'Update Table in MSIS System'),
(546, 'Teacher', 1, '13-5-2013', 'Log in MSIS System through Website'),
(547, 'Coordinator', 1, '13-5-2013', 'Delete Alloted Course in MSIS System'),
(548, 'Coordinator', 0, '13-5-2013', 'Alloted a course to teacher.'),
(549, 'Coordinator', 1, '13-5-2013', 'Delete Alloted Course in MSIS System'),
(550, 'Coordinator', 0, '13-5-2013', 'Alloted a course to teacher.'),
(551, 'Coordinator', 1, '13-5-2013', 'Log in MSIS System through Website'),
(552, 'Coordinator', 1, '13-5-2013', 'Log in MSIS System through Website'),
(553, 'Teacher', 1, '13-5-2013', 'Log in MSIS System through Website'),
(554, 'Coordinator', 1, '13-5-2013', 'Log in MSIS System through Website'),
(555, 'Teacher', 1, '13-5-2013', 'Log in MSIS System through Website'),
(556, 'Teacher', 1, '13-5-2013', 'Log in MSIS System through Website'),
(557, 'Coordinator', 1, '13-5-2013', 'Log in MSIS System through Website'),
(558, 'Teacher', 1, '13-5-2013', 'Log in MSIS System through Website'),
(559, 'Admin', 1, '14-5-2013', 'Log in MSIS System through Website'),
(560, 'Teacher', 1, '14-5-2013', 'Added an article in MSIS System'),
(561, 'Teacher', 1, '14-5-2013', 'Added an article in MSIS System'),
(562, 'Teacher', 1, '14-5-2013', 'Added an article in MSIS System'),
(563, 'Teacher', 1, '14-5-2013', 'Added an article in MSIS System'),
(564, 'Teacher', 1, '14-5-2013', 'Added an article in MSIS System'),
(565, 'Coordinator', 0, '14-5-2013', 'Delete an Article in MSIS System'),
(566, 'Student', 1, '14-5-2013', 'Log in MSIS System through Website'),
(567, 'Teacher', 1, '14-5-2013', 'Log in MSIS System through Website'),
(568, 'Teacher', 1, '14-5-2013', 'Added an article in MSIS System'),
(569, 'Student', 1, '14-5-2013', 'Log in MSIS System through Website'),
(570, 'Coordinator', 1, '14-5-2013', 'Log in MSIS System through Website'),
(571, 'Teacher', 1, '14-5-2013', 'Log in MSIS System through Website'),
(572, 'Teacher', 1, '14-5-2013', 'Log in MSIS System through Website'),
(573, 'Admin', 1, '14-5-2013', 'Log in MSIS System through Website'),
(574, 'Admin', 1, '14-5-2013', 'Log in MSIS System through Website'),
(575, 'Coordinator', 1, '14-5-2013', 'Log in MSIS System through Website'),
(576, 'Coordinator', 1, '14-5-2013', 'Add Time Table in MSIS System'),
(577, 'Coordinator', 1, '14-5-2013', 'Add Time Table in MSIS System'),
(578, 'Coordinator', 1, '14-5-2013', 'Add Time Table in MSIS System'),
(579, 'Coordinator', 1, '14-5-2013', 'Add Time Table in MSIS System'),
(580, 'Coordinator', 1, '14-5-2013', 'Delete Time Table in MSIS System'),
(581, 'Coordinator', 1, '15-5-2013', 'Log in MSIS System through Website'),
(582, 'Coordinator', 1, '15-5-2013', 'Log in MSIS System through Website'),
(583, 'Admin', 1, '15-5-2013', 'Log in MSIS System through Website'),
(584, 'Admin', 1, '15-5-2013', 'Log in MSIS System through Website'),
(585, 'Teacher', 1, '15-5-2013', 'Log in MSIS System through Website'),
(586, 'Student', 1, '15-5-2013', 'Login from mobile'),
(587, 'Student', 1, '16-5-2013', 'Login from mobile'),
(588, 'Student', 1, '16-5-2013', 'Login from mobile'),
(589, 'Teacher', 1, '16-5-2013', 'Login from mobile'),
(590, 'Student', 1, '16-5-2013', 'Login from mobile'),
(591, 'Attendant', 1, '16-5-2013', 'Login from mobile'),
(592, 'Student', 1, '16-5-2013', 'Login from mobile'),
(593, 'Student', 1, '16-5-2013', 'Login from mobile'),
(594, 'Student', 1, '16-5-2013', 'Login from mobile'),
(595, 'Student', 1, '16-5-2013', 'Login from mobile'),
(596, 'Student', 1, '16-5-2013', 'Login from mobile'),
(597, 'Teacher', 1, '16-5-2013', 'Login from mobile'),
(598, 'Coordinator', 1, '16-5-2013', 'Log in MSIS System through Website'),
(599, 'Coordinator', 1, '16-5-2013', 'Log in MSIS System through Website'),
(600, 'Coordinator', 1, '16-5-2013', 'New Section has been added'),
(601, 'Coordinator', 1, '16-5-2013', 'Log in MSIS System through Website'),
(602, 'Teacher', 1, '16-5-2013', 'Log in MSIS System through Website'),
(603, 'Student', 1, '16-5-2013', 'Login from mobile'),
(604, 'Teacher', 1, '16-5-2013', 'Login from mobile'),
(605, 'Teacher', 1, '16-5-2013', 'Login from mobile'),
(606, 'Teacher', 1, '16-5-2013', 'Login from mobile'),
(607, 'Teacher', 1, '16-5-2013', 'Login from mobile'),
(608, 'Coordinator', 1, '16-5-2013', 'Log in MSIS System through Website'),
(609, 'Coordinator', 0, '16-5-2013', 'Alloted a course to teacher.'),
(610, 'Coordinator', 0, '16-5-2013', 'Alloted a course to teacher.'),
(611, 'Student', 1, '16-5-2013', 'Login from mobile'),
(612, 'Coordinator', 0, '16-5-2013', 'Alloted a course to teacher.'),
(613, 'Coordinator', 0, '16-5-2013', 'Alloted a course to teacher.'),
(614, 'Coordinator', 0, '16-5-2013', 'Alloted a course to teacher.'),
(615, 'Coordinator', 0, '16-5-2013', 'Alloted a course to teacher.'),
(616, 'Coordinator', 0, '16-5-2013', 'Alloted a course to teacher.'),
(617, 'Coordinator', 0, '16-5-2013', 'Alloted a course to teacher.'),
(618, 'Coordinator', 0, '16-5-2013', 'Alloted a course to teacher.'),
(619, 'Coordinator', 0, '16-5-2013', 'Alloted a course to teacher.'),
(620, 'Coordinator', 0, '16-5-2013', 'Alloted a course to teacher.'),
(621, 'Coordinator', 0, '16-5-2013', 'Alloted a course to teacher.'),
(622, 'Coordinator', 1, '16-5-2013', 'Log in MSIS System through Website'),
(623, 'Coordinator', 0, '16-5-2013', 'Alloted a course to teacher.'),
(624, 'Coordinator', 0, '16-5-2013', 'Alloted a course to teacher.'),
(625, 'Coordinator', 0, '16-5-2013', 'Alloted a course to teacher.'),
(626, 'Coordinator', 0, '16-5-2013', 'Alloted a course to teacher.'),
(627, 'Coordinator', 0, '16-5-2013', 'Alloted a course to teacher.'),
(628, 'Coordinator', 0, '16-5-2013', 'Alloted a course to teacher.'),
(629, 'Coordinator', 0, '16-5-2013', 'Alloted a course to teacher.'),
(630, 'Coordinator', 0, '16-5-2013', 'Alloted a course to teacher.'),
(631, 'Student', 1, '16-5-2013', 'Login from mobile'),
(632, 'Coordinator', 0, '16-5-2013', 'Alloted a course to teacher.'),
(633, 'Coordinator', 0, '16-5-2013', 'Alloted a course to teacher.'),
(634, 'Coordinator', 0, '16-5-2013', 'Alloted a course to teacher.'),
(635, 'Coordinator', 0, '16-5-2013', 'Alloted a course to teacher.'),
(636, 'Coordinator', 0, '16-5-2013', 'Alloted a course to teacher.'),
(637, 'Coordinator', 0, '16-5-2013', 'Alloted a course to teacher.'),
(638, 'Coordinator', 0, '16-5-2013', 'Alloted a course to teacher.'),
(639, 'Coordinator', 0, '16-5-2013', 'Alloted a course to teacher.'),
(640, 'Coordinator', 0, '16-5-2013', 'Alloted a course to teacher.'),
(641, 'Coordinator', 0, '16-5-2013', 'Alloted a course to teacher.'),
(642, 'Coordinator', 0, '16-5-2013', 'Alloted a course to teacher.'),
(643, 'Coordinator', 0, '16-5-2013', 'Alloted a course to teacher.'),
(644, 'Coordinator', 0, '16-5-2013', 'Alloted a course to teacher.'),
(645, 'Coordinator', 0, '16-5-2013', 'Alloted a course to teacher.'),
(646, 'Coordinator', 0, '16-5-2013', 'Alloted a course to teacher.'),
(647, 'Coordinator', 1, '16-5-2013', 'Log in MSIS System through Website'),
(648, 'Coordinator', 0, '16-5-2013', 'Alloted a course to teacher.'),
(649, 'Coordinator', 0, '16-5-2013', 'Alloted a course to teacher.'),
(650, 'Coordinator', 0, '16-5-2013', 'Alloted a course to teacher.'),
(651, 'Coordinator', 0, '16-5-2013', 'Alloted a course to teacher.'),
(652, 'Coordinator', 0, '16-5-2013', 'Alloted a course to teacher.'),
(653, 'Coordinator', 0, '16-5-2013', 'Alloted a course to teacher.'),
(654, 'Coordinator', 0, '16-5-2013', 'Alloted a course to teacher.'),
(655, 'Coordinator', 0, '16-5-2013', 'Alloted a course to teacher.'),
(656, 'Coordinator', 0, '16-5-2013', 'Alloted a course to teacher.'),
(657, 'Coordinator', 0, '16-5-2013', 'Alloted a course to teacher.'),
(658, 'Coordinator', 0, '16-5-2013', 'Alloted a course to teacher.'),
(659, 'Coordinator', 0, '16-5-2013', 'Alloted a course to teacher.'),
(660, 'Coordinator', 0, '16-5-2013', 'Alloted a course to teacher.'),
(661, 'Coordinator', 0, '16-5-2013', 'Alloted a course to teacher.'),
(662, 'Coordinator', 1, '16-5-2013', 'Add Time Table in MSIS System'),
(663, 'Coordinator', 0, '16-5-2013', 'Alloted a course to teacher.'),
(664, 'Coordinator', 0, '16-5-2013', 'Alloted a course to teacher.'),
(665, 'Coordinator', 0, '16-5-2013', 'Alloted a course to teacher.'),
(666, 'Coordinator', 1, '16-5-2013', 'Add Time Table in MSIS System'),
(667, 'Coordinator', 0, '16-5-2013', 'Alloted a course to teacher.'),
(668, 'Coordinator', 0, '16-5-2013', 'Alloted a course to teacher.'),
(669, 'Coordinator', 0, '16-5-2013', 'Alloted a course to teacher.'),
(670, 'Coordinator', 1, '16-5-2013', 'Add Time Table in MSIS System'),
(671, 'Coordinator', 0, '16-5-2013', 'Alloted a course to teacher.'),
(672, 'Coordinator', 0, '16-5-2013', 'Alloted a course to teacher.'),
(673, 'Coordinator', 0, '16-5-2013', 'Alloted a course to teacher.'),
(674, 'Coordinator', 1, '16-5-2013', 'Add Time Table in MSIS System'),
(675, 'Coordinator', 0, '16-5-2013', 'Alloted a course to teacher.'),
(676, 'Coordinator', 0, '16-5-2013', 'Alloted a course to teacher.'),
(677, 'Coordinator', 0, '16-5-2013', 'Alloted a course to teacher.'),
(678, 'Coordinator', 1, '16-5-2013', 'Add Time Table in MSIS System'),
(679, 'Coordinator', 0, '16-5-2013', 'Alloted a course to teacher.'),
(680, 'Coordinator', 0, '16-5-2013', 'Alloted a course to teacher.'),
(681, 'Coordinator', 1, '16-5-2013', 'Add Time Table in MSIS System'),
(682, 'Coordinator', 0, '16-5-2013', 'Alloted a course to teacher.'),
(683, 'Coordinator', 0, '16-5-2013', 'Alloted a course to teacher.'),
(684, 'Coordinator', 0, '16-5-2013', 'Alloted a course to teacher.'),
(685, 'Coordinator', 0, '16-5-2013', 'Alloted a course to teacher.'),
(686, 'Coordinator', 0, '16-5-2013', 'Alloted a course to teacher.'),
(687, 'Coordinator', 0, '16-5-2013', 'Alloted a course to teacher.'),
(688, 'Coordinator', 1, '16-5-2013', 'Add Time Table in MSIS System'),
(689, 'Coordinator', 0, '16-5-2013', 'Alloted a course to teacher.'),
(690, 'Coordinator', 1, '16-5-2013', 'Add Time Table in MSIS System'),
(691, 'Coordinator', 0, '16-5-2013', 'Alloted a course to teacher.'),
(692, 'Coordinator', 1, '16-5-2013', 'Add Time Table in MSIS System'),
(693, 'Coordinator', 0, '16-5-2013', 'Alloted a course to teacher.'),
(694, 'Coordinator', 0, '16-5-2013', 'Alloted a course to teacher.'),
(695, 'Coordinator', 0, '16-5-2013', 'Alloted a course to teacher.'),
(696, 'Coordinator', 1, '16-5-2013', 'Add Time Table in MSIS System'),
(697, 'Coordinator', 0, '16-5-2013', 'Alloted a course to teacher.'),
(698, 'Coordinator', 0, '16-5-2013', 'Alloted a course to teacher.'),
(699, 'Coordinator', 1, '16-5-2013', 'Add Time Table in MSIS System'),
(700, 'Coordinator', 0, '16-5-2013', 'Alloted a course to teacher.'),
(701, 'Coordinator', 1, '16-5-2013', 'Add Time Table in MSIS System'),
(702, 'Coordinator', 0, '16-5-2013', 'Alloted a course to teacher.'),
(703, 'Coordinator', 0, '16-5-2013', 'Alloted a course to teacher.'),
(704, 'Coordinator', 1, '16-5-2013', 'Add Time Table in MSIS System'),
(705, 'Coordinator', 0, '16-5-2013', 'Alloted a course to teacher.'),
(706, 'Coordinator', 1, '16-5-2013', 'Add Time Table in MSIS System'),
(707, 'Coordinator', 1, '16-5-2013', 'Add Time Table in MSIS System'),
(708, 'Coordinator', 1, '16-5-2013', 'Add Time Table in MSIS System'),
(709, 'Coordinator', 1, '16-5-2013', 'Add Time Table in MSIS System'),
(710, 'Coordinator', 1, '16-5-2013', 'Add Time Table in MSIS System'),
(711, 'Coordinator', 1, '16-5-2013', 'Add Time Table in MSIS System'),
(712, 'Coordinator', 1, '16-5-2013', 'Add Time Table in MSIS System'),
(713, 'Coordinator', 1, '16-5-2013', 'Add Time Table in MSIS System'),
(714, 'Coordinator', 1, '16-5-2013', 'Add Time Table in MSIS System'),
(715, 'Coordinator', 1, '16-5-2013', 'Add Time Table in MSIS System'),
(716, 'Coordinator', 1, '16-5-2013', 'Add Time Table in MSIS System'),
(717, 'Coordinator', 1, '16-5-2013', 'Add Time Table in MSIS System'),
(718, 'Coordinator', 1, '16-5-2013', 'Add Time Table in MSIS System'),
(719, 'Coordinator', 1, '16-5-2013', 'Add Time Table in MSIS System'),
(720, 'Student', 1, '16-5-2013', 'Login from mobile'),
(721, 'Coordinator', 1, '16-5-2013', 'Add Time Table in MSIS System'),
(722, 'Coordinator', 1, '16-5-2013', 'Add Time Table in MSIS System'),
(723, 'Coordinator', 1, '16-5-2013', 'Add Time Table in MSIS System'),
(724, 'Coordinator', 1, '16-5-2013', 'Add Time Table in MSIS System'),
(725, 'Coordinator', 1, '16-5-2013', 'Add Time Table in MSIS System'),
(726, 'Coordinator', 1, '16-5-2013', 'Update Table in MSIS System'),
(727, 'Coordinator', 1, '16-5-2013', 'Add Time Table in MSIS System'),
(728, 'Coordinator', 1, '16-5-2013', 'Update Table in MSIS System'),
(729, 'Coordinator', 1, '16-5-2013', 'Add Time Table in MSIS System'),
(730, 'Coordinator', 1, '16-5-2013', 'Add Time Table in MSIS System'),
(731, 'Coordinator', 1, '16-5-2013', 'Add Time Table in MSIS System'),
(732, 'Coordinator', 1, '16-5-2013', 'Add Time Table in MSIS System'),
(733, 'Coordinator', 1, '16-5-2013', 'Add Time Table in MSIS System'),
(734, 'Coordinator', 1, '16-5-2013', 'Add Time Table in MSIS System'),
(735, 'Coordinator', 1, '16-5-2013', 'Add Time Table in MSIS System'),
(736, 'Coordinator', 1, '16-5-2013', 'Log in MSIS System through Website'),
(737, 'Coordinator', 1, '16-5-2013', 'Add Time Table in MSIS System'),
(738, 'Coordinator', 1, '16-5-2013', 'Add Time Table in MSIS System'),
(739, 'Coordinator', 1, '16-5-2013', 'Add Time Table in MSIS System'),
(740, 'Coordinator', 1, '16-5-2013', 'Update Table in MSIS System'),
(741, 'Coordinator', 1, '16-5-2013', 'Add Time Table in MSIS System'),
(742, 'Coordinator', 1, '16-5-2013', 'Add Time Table in MSIS System'),
(743, 'Coordinator', 1, '16-5-2013', 'Add Time Table in MSIS System'),
(744, 'Coordinator', 1, '16-5-2013', 'Add Time Table in MSIS System'),
(745, 'Student', 6, '16-5-2013', 'Log in MSIS System through Website'),
(746, 'Coordinator', 1, '16-5-2013', 'Add Time Table in MSIS System'),
(747, 'Coordinator', 1, '16-5-2013', 'Add Time Table in MSIS System'),
(748, 'Coordinator', 1, '16-5-2013', 'Add Time Table in MSIS System'),
(749, 'Coordinator', 1, '16-5-2013', 'Add Time Table in MSIS System'),
(750, 'Coordinator', 1, '16-5-2013', 'Add Time Table in MSIS System'),
(751, 'Student', 1, '16-5-2013', 'Login from mobile'),
(752, 'Coordinator', 1, '16-5-2013', 'Add Time Table in MSIS System'),
(753, 'Coordinator', 1, '16-5-2013', 'Add Time Table in MSIS System'),
(754, 'Coordinator', 1, '16-5-2013', 'Add Time Table in MSIS System'),
(755, 'Student', 1, '16-5-2013', 'Log in MSIS System through Website'),
(756, 'Student', 1, '16-5-2013', 'Log in MSIS System through Website'),
(757, 'Student', 1, '16-5-2013', 'Log in MSIS System through Website'),
(758, 'Coordinator', 1, '16-5-2013', 'Log in MSIS System through Website'),
(759, 'Teacher', 1, '16-5-2013', 'Log in MSIS System through Website'),
(760, 'Student', 1, '16-5-2013', 'Log in MSIS System through Website'),
(761, 'Teacher', 1, '16-5-2013', 'Log in MSIS System through Website'),
(762, 'Student', 1, '16-5-2013', 'Log in MSIS System through Website'),
(763, 'Teacher', 1, '16-5-2013', 'Log in MSIS System through Website'),
(764, 'Teacher', 1, '16-5-2013', 'Added Lecture Details in MSIS System'),
(765, 'Teacher', 1, '16-5-2013', 'Added Lecture Details in MSIS System'),
(766, 'Teacher', 1, '16-5-2013', 'Added Lecture Details in MSIS System'),
(767, 'Student', 1, '16-5-2013', 'Log in MSIS System through Website'),
(768, 'Teacher', 1, '16-5-2013', 'Log in MSIS System through Website'),
(769, 'Teacher', 1, '16-5-2013', 'Added an article in MSIS System'),
(770, 'Teacher', 3, '16-5-2013', 'Login from mobile'),
(771, 'Student', 1, '16-5-2013', 'Login from mobile'),
(772, 'Student', 1, '16-5-2013', 'Login from mobile'),
(773, 'Student', 1, '16-5-2013', 'Login from mobile'),
(774, 'Teacher', 1, '17-5-2013', 'Log in MSIS System through Website'),
(775, 'Teacher', 1, '17-5-2013', 'Log in MSIS System through Website'),
(776, 'Admin', 1, '17-5-2013', 'Log in MSIS System through Website'),
(777, 'Teacher', 1, '17-5-2013', 'Login from mobile'),
(778, 'Student', 1, '17-5-2013', 'Log in MSIS System through Website'),
(779, 'Student', 1, '17-5-2013', 'Login from mobile'),
(780, 'Teacher', 1, '17-5-2013', 'Log in MSIS System through Website'),
(781, 'Student', 1, '19-5-2013', 'Login from mobile'),
(782, 'Student', 1, '19-5-2013', 'Log in MSIS System through Website'),
(783, 'Student', 1, '20-5-2013', 'Login from mobile'),
(784, 'Student', 1, '20-5-2013', 'Login from mobile'),
(785, 'Student', 1, '20-5-2013', 'Login from mobile'),
(786, 'Student', 1, '20-5-2013', 'Login from mobile'),
(787, 'Student', 1, '20-5-2013', 'Login from mobile'),
(788, 'Teacher', 1, '20-5-2013', 'Login from mobile'),
(789, 'Student', 1, '21-5-2013', 'Login from mobile'),
(790, 'Student', 1, '21-5-2013', 'Login from mobile'),
(791, 'Student', 1, '21-5-2013', 'Login from mobile'),
(792, 'Student', 1, '21-5-2013', 'Login from mobile'),
(793, 'Student', 1, '21-5-2013', 'Login from mobile'),
(794, 'Student', 1, '21-5-2013', 'Login from mobile'),
(795, 'Teacher', 1, '21-5-2013', 'Login from mobile'),
(796, 'Teacher', 1, '21-5-2013', 'Add a lecture'),
(797, 'Teacher', 1, '21-5-2013', 'Add an attendance'),
(798, 'Student', 1, '22-5-2013', 'Login from mobile'),
(799, 'Student', 1, '22-5-2013', 'Login from mobile'),
(800, 'Student', 1, '22-5-2013', 'Login from mobile'),
(801, 'Student', 1, '22-5-2013', 'Login from mobile'),
(802, 'Student', 1, '22-5-2013', 'Login from mobile'),
(803, 'Student', 1, '22-5-2013', 'Login from mobile'),
(804, 'Student', 1, '22-5-2013', 'Login from mobile'),
(805, 'Student', 1, '22-5-2013', 'Login from mobile'),
(806, 'Student', 1, '22-5-2013', 'Login from mobile'),
(807, 'Student', 1, '22-5-2013', 'Login from mobile'),
(808, 'Student', 1, '22-5-2013', 'Login from mobile'),
(809, 'Student', 1, '22-5-2013', 'Login from mobile'),
(810, 'Student', 1, '22-5-2013', 'Login from mobile'),
(811, 'Student', 1, '22-5-2013', 'Login from mobile'),
(812, 'Student', 1, '22-5-2013', 'Login from mobile'),
(813, 'Student', 1, '22-5-2013', 'Login from mobile'),
(814, 'Student', 1, '22-5-2013', 'Login from mobile'),
(815, 'Student', 1, '22-5-2013', 'Login from mobile'),
(816, 'Student', 1, '22-5-2013', 'Login from mobile'),
(817, 'Student', 1, '22-5-2013', 'Login from mobile'),
(818, 'Student', 1, '22-5-2013', 'Login from mobile'),
(819, 'Student', 1, '22-5-2013', 'Login from mobile'),
(820, 'Student', 1, '22-5-2013', 'Login from mobile'),
(821, 'Student', 1, '22-5-2013', 'Login from mobile'),
(822, 'Student', 1, '22-5-2013', 'Login from mobile'),
(823, 'Student', 1, '22-5-2013', 'Login from mobile'),
(824, 'Student', 1, '22-5-2013', 'Login from mobile'),
(825, 'Student', 1, '22-5-2013', 'Login from mobile'),
(826, 'Attendant', 1, '22-5-2013', 'Login from mobile'),
(827, 'Teacher', 1, '22-5-2013', 'Login from mobile'),
(828, 'Teacher', 1, '22-5-2013', 'Login from mobile'),
(829, 'Student', 1, '22-5-2013', 'Login from mobile'),
(830, 'Student', 1, '22-5-2013', 'Login from mobile'),
(831, 'Student', 1, '22-5-2013', 'Log in MSIS System through Website'),
(832, 'Student', 1, '22-5-2013', 'Login from mobile'),
(833, 'Teacher', 1, '23-5-2013', 'Login from mobile'),
(834, 'Teacher', 1, '24-5-2013', 'Login from mobile'),
(835, 'Teacher', 1, '24-5-2013', 'Login from mobile'),
(836, 'Teacher', 1, '24-5-2013', 'Add an article'),
(837, 'Teacher', 1, '24-5-2013', 'Add an article'),
(838, 'Teacher', 1, '24-5-2013', 'Add an article'),
(839, 'Teacher', 1, '24-5-2013', 'Login from mobile'),
(840, 'Teacher', 1, '24-5-2013', 'Add an article'),
(841, 'Teacher', 1, '24-5-2013', 'Add an article'),
(842, 'Teacher', 1, '24-5-2013', 'Log in MSIS System through Website'),
(843, 'Teacher', 1, '24-5-2013', 'Added an article in MSIS System'),
(844, 'Teacher', 1, '24-5-2013', 'Login from mobile'),
(845, 'Teacher', 1, '24-5-2013', 'Add an article'),
(846, 'Teacher', 1, '24-5-2013', 'Add an article'),
(847, 'Teacher', 1, '24-5-2013', 'Add an article'),
(848, 'Teacher', 1, '24-5-2013', 'Login from mobile'),
(849, 'Teacher', 1, '24-5-2013', 'Login from mobile'),
(850, 'Teacher', 1, '24-5-2013', 'Login from mobile'),
(851, 'Teacher', 1, '24-5-2013', 'Login from mobile'),
(852, 'Teacher', 1, '24-5-2013', 'Login from mobile'),
(853, 'Teacher', 1, '24-5-2013', 'Login from mobile'),
(854, 'Teacher', 1, '25-5-2013', 'Login from mobile'),
(855, 'Teacher', 1, '25-5-2013', 'Login from mobile'),
(856, 'Teacher', 1, '25-5-2013', 'Login from mobile'),
(857, 'Teacher', 1, '25-5-2013', 'Login from mobile'),
(858, 'Teacher', 1, '25-5-2013', 'Login from mobile'),
(859, 'Teacher', 1, '25-5-2013', 'Login from mobile'),
(860, 'Teacher', 1, '25-5-2013', 'Login from mobile'),
(861, 'Teacher', 1, '25-5-2013', 'Login from mobile'),
(862, 'Teacher', 1, '26-5-2013', 'Login from mobile'),
(863, 'Teacher', 1, '26-5-2013', 'Login from mobile'),
(864, 'Teacher', 1, '26-5-2013', 'Login from mobile'),
(865, 'Teacher', 1, '26-5-2013', 'Login from mobile'),
(866, 'Teacher', 1, '26-5-2013', 'Login from mobile'),
(867, 'Teacher', 1, '26-5-2013', 'Login from mobile'),
(868, 'Teacher', 1, '26-5-2013', 'Login from mobile'),
(869, 'Teacher', 1, '26-5-2013', 'Login from mobile'),
(870, 'Teacher', 1, '26-5-2013', 'Login from mobile'),
(871, 'Teacher', 1, '26-5-2013', 'Login from mobile'),
(872, 'Teacher', 1, '26-5-2013', 'Login from mobile'),
(873, 'Teacher', 1, '26-5-2013', 'Login from mobile'),
(874, 'Teacher', 1, '26-5-2013', 'Login from mobile'),
(875, 'Teacher', 1, '26-5-2013', 'Login from mobile'),
(876, 'Teacher', 1, '26-5-2013', 'Login from mobile'),
(877, 'Teacher', 1, '26-5-2013', 'Login from mobile'),
(878, 'Teacher', 1, '26-5-2013', 'Login from mobile'),
(879, 'Teacher', 1, '26-5-2013', 'Login from mobile'),
(880, 'Teacher', 1, '26-5-2013', 'Login from mobile'),
(881, 'Teacher', 1, '26-5-2013', 'Login from mobile'),
(882, 'Teacher', 1, '26-5-2013', 'Login from mobile'),
(883, 'Teacher', 1, '26-5-2013', 'Login from mobile'),
(884, 'Teacher', 1, '26-5-2013', 'Login from mobile'),
(885, 'Teacher', 1, '26-5-2013', 'Login from mobile'),
(886, 'Teacher', 1, '26-5-2013', 'Login from mobile'),
(887, 'Teacher', 1, '26-5-2013', 'Login from mobile'),
(888, 'Teacher', 1, '26-5-2013', 'Login from mobile'),
(889, 'Teacher', 1, '26-5-2013', 'Login from mobile'),
(890, 'Teacher', 1, '26-5-2013', 'Login from mobile'),
(891, 'Teacher', 1, '27-5-2013', 'Login from mobile'),
(892, 'Teacher', 1, '27-5-2013', 'Login from mobile'),
(893, 'Student', 1, '27-5-2013', 'Login from mobile'),
(894, 'Teacher', 1, '27-5-2013', 'Login from mobile'),
(895, 'Teacher', 1, '27-5-2013', 'Login from mobile'),
(896, 'Teacher', 1, '27-5-2013', 'Add a lecture'),
(897, 'Teacher', 1, '27-5-2013', 'Add a lecture'),
(898, 'Teacher', 1, '27-5-2013', 'Login from mobile'),
(899, 'Teacher', 1, '27-5-2013', 'Login from mobile'),
(900, 'Teacher', 1, '27-5-2013', 'Login from mobile'),
(901, 'Teacher', 1, '27-5-2013', 'Add a lecture'),
(902, 'Teacher', 1, '27-5-2013', 'Login from mobile'),
(903, 'Teacher', 1, '27-5-2013', 'Add a lecture'),
(904, 'Student', 1, '27-5-2013', 'Log in MSIS System through Website'),
(905, 'Teacher', 1, '27-5-2013', 'Login from mobile'),
(906, 'Student', 1, '27-5-2013', 'Log in MSIS System through Website'),
(907, 'Teacher', 1, '28-5-2013', 'Login from mobile'),
(908, 'Teacher', 1, '28-5-2013', 'Add a task.'),
(909, 'Teacher', 1, '28-5-2013', 'Login from mobile'),
(910, 'Teacher', 1, '28-5-2013', 'Add a task.'),
(911, 'Teacher', 1, '28-5-2013', 'Login from mobile'),
(912, 'Teacher', 1, '28-5-2013', 'Login from mobile'),
(913, 'Teacher', 1, '28-5-2013', 'Add a task.'),
(914, 'Teacher', 1, '28-5-2013', 'Login from mobile'),
(915, 'Teacher', 1, '28-5-2013', 'Login from mobile'),
(916, 'Teacher', 1, '28-5-2013', 'Add a task.'),
(917, 'Teacher', 1, '28-5-2013', 'Login from mobile'),
(918, 'Teacher', 1, '28-5-2013', 'Login from mobile'),
(919, 'Teacher', 1, '28-5-2013', 'Login from mobile'),
(920, 'Teacher', 1, '28-5-2013', 'Login from mobile'),
(921, 'Student', 1, '28-5-2013', 'Login from mobile'),
(922, 'Teacher', 1, '28-5-2013', 'Login from mobile'),
(923, 'Attendant', 1, '28-5-2013', 'Login from mobile'),
(924, 'Teacher', 1, '28-5-2013', 'Login from mobile'),
(925, 'Teacher', 1, '28-5-2013', 'Add a lecture'),
(926, 'Teacher', 1, '28-5-2013', 'Add an attendance'),
(927, 'Teacher', 1, '28-5-2013', 'Add an attendance'),
(928, 'Teacher', 1, '28-5-2013', 'Add an attendance'),
(929, 'Teacher', 1, '28-5-2013', 'Add a task.'),
(930, 'Teacher', 1, '28-5-2013', 'Login from mobile'),
(931, 'Teacher', 1, '28-5-2013', 'Add an article'),
(932, 'Teacher', 1, '28-5-2013', 'Login from mobile'),
(933, 'Teacher', 1, '28-5-2013', 'Add an article'),
(934, 'Teacher', 1, '29-5-2013', 'Login from mobile'),
(935, 'Teacher', 1, '29-5-2013', 'Add an attendance'),
(936, 'Teacher', 1, '29-5-2013', 'Login from mobile'),
(937, 'Teacher', 1, '29-5-2013', 'Login from mobile'),
(938, 'Teacher', 1, '29-5-2013', 'Login from mobile'),
(939, 'Teacher', 1, '29-5-2013', 'Login from mobile'),
(940, 'Teacher', 1, '29-5-2013', 'Login from mobile'),
(941, 'Teacher', 1, '29-5-2013', 'Add an attendance'),
(942, 'Teacher', 1, '29-5-2013', 'Add an attendance'),
(943, 'Teacher', 1, '29-5-2013', 'Add an attendance'),
(944, 'Teacher', 1, '29-5-2013', 'Add an attendance'),
(945, 'Teacher', 1, '29-5-2013', 'Log in MSIS System through Website'),
(946, 'Teacher', 1, '29-5-2013', 'Log in MSIS System through Website'),
(947, 'Teacher', 1, '29-5-2013', 'Add an attendance'),
(948, 'Teacher', 1, '29-5-2013', 'Add an attendance'),
(949, 'Teacher', 1, '29-5-2013', 'Add a lecture'),
(950, 'Teacher', 1, '29-5-2013', 'Login from mobile'),
(951, 'Teacher', 1, '29-5-2013', 'Add an attendance'),
(952, 'Teacher', 1, '29-5-2013', 'Login from mobile'),
(953, 'Teacher', 1, '29-5-2013', 'Login from mobile'),
(954, 'Teacher', 1, '29-5-2013', 'Login from mobile'),
(955, 'Teacher', 1, '29-5-2013', 'Add a lecture'),
(956, 'Teacher', 1, '30-5-2013', 'Login from mobile'),
(957, 'Teacher', 1, '30-5-2013', 'Login from mobile'),
(958, 'Teacher', 1, '30-5-2013', 'Add a lecture'),
(959, 'Teacher', 1, '30-5-2013', 'Login from mobile'),
(960, 'Teacher', 1, '30-5-2013', 'Login from mobile'),
(961, 'Teacher', 1, '30-5-2013', 'Add a lecture'),
(962, 'Teacher', 1, '30-5-2013', 'Login from mobile'),
(963, 'Teacher', 1, '30-5-2013', 'Add an article'),
(964, 'Teacher', 1, '30-5-2013', 'Login from mobile'),
(965, 'Teacher', 1, '30-5-2013', 'Add an article'),
(966, 'Teacher', 1, '30-5-2013', 'Add an article'),
(967, 'Teacher', 1, '30-5-2013', 'Login from mobile'),
(968, 'Teacher', 1, '30-5-2013', 'Login from mobile'),
(969, 'Teacher', 1, '30-5-2013', 'Login from mobile'),
(970, 'Teacher', 1, '30-5-2013', 'Add a task.'),
(971, 'Student', 1, '30-5-2013', 'Log in MSIS System through Website'),
(972, 'Teacher', 1, '30-5-2013', 'Log in MSIS System through Website'),
(973, 'Teacher', 1, '30-5-2013', 'Login from mobile'),
(974, 'Student', 1, '30-5-2013', 'Login from mobile'),
(975, 'Teacher', 1, '30-5-2013', 'Log in MSIS System through Website'),
(976, 'Coordinator', 1, '30-5-2013', 'Log in MSIS System through Website'),
(977, 'Admin', 1, '30-5-2013', 'Log in MSIS System through Website'),
(978, 'Student', 1, '30-5-2013', 'Login from mobile');
INSERT INTO `logfile` (`LogID`, `UserType`, `UserID`, `Date`, `Action`) VALUES
(979, 'Teacher', 1, '30-5-2013', 'Login from mobile'),
(980, 'Teacher', 1, '31-5-2013', 'Add a task.'),
(981, 'Attendant', 1, '02-6-2013', 'Login from mobile'),
(982, 'Attendant', 1, '02-6-2013', 'Login from mobile'),
(983, 'Attendant', 1, '02-6-2013', 'Login from mobile'),
(984, 'Attendant', 1, '02-6-2013', 'Login from mobile'),
(985, 'Attendant', 1, '02-6-2013', 'Login from mobile'),
(986, 'Teacher', 1, '02-6-2013', 'Login from mobile'),
(987, 'Teacher', 1, '02-6-2013', 'Add a lecture'),
(988, 'Teacher', 1, '02-6-2013', 'Add an attendance'),
(989, 'Teacher', 1, '02-6-2013', 'Add an article'),
(990, 'Teacher', 1, '02-6-2013', 'Login from mobile'),
(991, 'Teacher', 1, '02-6-2013', 'Login from mobile'),
(992, 'Teacher', 1, '02-6-2013', 'Add a task.'),
(993, 'Teacher', 1, '02-6-2013', 'Add marks of task'),
(994, 'Teacher', 1, '02-6-2013', 'Login from mobile'),
(995, 'Teacher', 1, '02-6-2013', 'Login from mobile'),
(996, 'Teacher', 1, '02-6-2013', 'Login from mobile'),
(997, 'Teacher', 1, '07-6-2013', 'Login from mobile'),
(998, 'Student', 1, '16-11-2016', 'Log in MSIS System through Website'),
(999, 'Student', 1, '16-11-2016', 'Log in MSIS System through Website'),
(1000, 'Student', 2, '16-11-2016', 'Log in MSIS System through Website'),
(1001, 'Teacher', 1, '16-11-2016', 'Log in MSIS System through Website'),
(1002, 'Coordinator', 1, '16-11-2016', 'Log in MSIS System through Website'),
(1003, 'Admin', 1, '16-11-2016', 'Log in MSIS System through Website'),
(1004, 'Student', 1, '16-11-2016', 'Log in MSIS System through Website'),
(1005, 'Teacher', 1, '01-1-2016', 'Log in MSIS System through Website'),
(1006, 'Teacher', 1, '01-1-2016', 'Log in MSIS System through Website'),
(1007, 'Student', 1, '01-1-2016', 'Log in MSIS System through Website'),
(1008, 'Student', 1, '01-1-2016', 'Log in MSIS System through Website'),
(1009, 'Coordinator', 1, '01-1-2016', 'Log in MSIS System through Website'),
(1010, 'Coordinator', 1, '01-1-2016', 'Log in MSIS System through Website'),
(1011, 'Teacher', 1, '01-1-2016', 'Log in MSIS System through Website'),
(1012, 'Coordinator', 1, '01-1-2016', 'Log in MSIS System through Website'),
(1013, 'Teacher', 1, '01-1-2016', 'Log in MSIS System through Website'),
(1014, 'Teacher', 1, '01-1-2016', 'Log in MSIS System through Website'),
(1015, 'Teacher', 1, '01-1-2016', 'Added Lecture Details in MSIS System'),
(1016, 'Student', 1, '01-1-2016', 'Log in MSIS System through Website'),
(1017, 'Teacher', 1, '01-1-2016', 'Log in MSIS System through Website'),
(1018, 'Coordinator', 1, '01-1-2016', 'Log in MSIS System through Website'),
(1019, 'Student', 1, '03-1-2017', 'Log in MSIS System through Website'),
(1020, 'Teacher', 1, '04-1-2017', 'Log in MSIS System through Website'),
(1021, 'Teacher', 1, '04-1-2017', 'Log in MSIS System through Website'),
(1022, 'Teacher', 1, '04-1-2017', 'Added Lecture Details in MSIS System'),
(1023, 'Teacher', 1, '04-1-2017', 'Added Lecture Details in MSIS System'),
(1024, 'Teacher', 1, '04-1-2017', 'Log in MSIS System through Website'),
(1025, 'Teacher', 1, '04-1-2017', 'Added Lecture Details in MSIS System'),
(1026, 'Student', 1, '04-1-2017', 'Log in MSIS System through Website'),
(1027, 'Teacher', 1, '04-1-2017', 'Added Lecture Details in MSIS System'),
(1028, 'Teacher', 1, '09-1-2017', 'Log in MSIS System through Website'),
(1029, 'Teacher', 1, '09-1-2017', 'Log in MSIS System through Website'),
(1030, 'Teacher', 1, '09-1-2017', 'Log in MSIS System through Website'),
(1031, 'Teacher', 1, '09-1-2017', 'Log in MSIS System through Website'),
(1032, 'Teacher', 1, '09-1-2017', 'Added Lecture Details in MSIS System'),
(1033, 'Student', 1, '25-1-2017', 'Log in MSIS System through Website'),
(1034, 'Student', 1, '31-1-2017', 'Log in MSIS System through Website'),
(1035, 'Student', 1, '31-1-2017', 'Log in MSIS System through Website');

-- --------------------------------------------------------

--
-- Table structure for table `marks`
--

CREATE TABLE IF NOT EXISTS `marks` (
  `TaskID` smallint(6) NOT NULL,
  `StudentID` smallint(6) NOT NULL,
  `ObtainedMarks` float NOT NULL,
  PRIMARY KEY (`TaskID`,`StudentID`),
  KEY `FK_Marks_Student` (`StudentID`)
) ENGINE=InnoDB DEFAULT CHARSET=latin1;

--
-- Dumping data for table `marks`
--

INSERT INTO `marks` (`TaskID`, `StudentID`, `ObtainedMarks`) VALUES
(12, 1, 7),
(12, 2, 7),
(12, 3, 6),
(13, 1, 4),
(13, 2, 3),
(13, 3, 4),
(14, 1, 8),
(14, 2, 6),
(14, 3, 10),
(15, 1, 3),
(15, 2, 4),
(15, 3, 3),
(16, 1, 6),
(16, 2, 10),
(16, 3, 8),
(17, 1, 9),
(17, 2, 7),
(17, 3, 9),
(18, 1, 4),
(18, 2, 4),
(18, 3, 5),
(19, 1, 8),
(19, 2, 9),
(19, 3, 10),
(20, 1, 4),
(20, 2, 4),
(20, 3, 4),
(21, 1, 10),
(21, 2, 9),
(21, 3, 8),
(22, 1, 7),
(22, 2, 6),
(22, 3, 10),
(23, 1, 4),
(23, 2, 5),
(23, 3, 3),
(24, 1, 10),
(24, 2, 7),
(24, 3, 6),
(25, 1, 5),
(25, 2, 3),
(25, 3, 4),
(26, 1, 10),
(26, 2, 7),
(26, 3, 8),
(27, 4, 7),
(27, 5, 10),
(28, 4, 5),
(28, 5, 5),
(29, 4, 7),
(29, 5, 6),
(30, 4, 5),
(30, 5, 5),
(31, 4, 9),
(31, 5, 9),
(32, 4, 6),
(32, 5, 6),
(33, 4, 3),
(33, 5, 5),
(34, 4, 10),
(34, 5, 9),
(35, 4, 3),
(35, 5, 3),
(36, 4, 9),
(36, 5, 8),
(37, 4, 9),
(37, 5, 9),
(38, 4, 4),
(38, 5, 5),
(39, 4, 9),
(39, 5, 7),
(40, 4, 3),
(40, 5, 4),
(41, 4, 6),
(41, 5, 8),
(42, 6, 9),
(42, 7, 7),
(42, 8, 8),
(43, 6, 4),
(43, 7, 3),
(43, 8, 5),
(44, 6, 8),
(44, 7, 6),
(44, 8, 8),
(45, 6, 4),
(45, 7, 5),
(45, 8, 4),
(46, 6, 8),
(46, 7, 6),
(46, 8, 9),
(47, 6, 8),
(47, 7, 10),
(47, 8, 10),
(48, 6, 4),
(48, 7, 4),
(48, 8, 4),
(49, 6, 7),
(49, 7, 6),
(49, 8, 10),
(50, 6, 3),
(50, 7, 5),
(50, 8, 3),
(51, 6, 8),
(51, 7, 7),
(51, 8, 7),
(52, 6, 10),
(52, 7, 6),
(52, 8, 9),
(53, 6, 4),
(53, 7, 4),
(53, 8, 5),
(54, 6, 6),
(54, 7, 6),
(54, 8, 6),
(55, 6, 5),
(55, 7, 4),
(55, 8, 5),
(56, 6, 7),
(56, 7, 10),
(56, 8, 10),
(57, 6, 10),
(57, 7, 8),
(57, 8, 9),
(58, 6, 5),
(58, 7, 5),
(58, 8, 3),
(59, 6, 6),
(59, 7, 7),
(59, 8, 7),
(60, 6, 3),
(60, 7, 4),
(60, 8, 3),
(61, 6, 7),
(61, 7, 10),
(61, 8, 8),
(62, 6, 8),
(62, 7, 10),
(62, 8, 8),
(63, 6, 3),
(63, 7, 3),
(63, 8, 3),
(64, 6, 7),
(64, 7, 8),
(64, 8, 6),
(65, 6, 4),
(65, 7, 3),
(65, 8, 4),
(66, 6, 7),
(66, 7, 8),
(66, 8, 8),
(67, 9, 7),
(67, 10, 8),
(68, 9, 5),
(68, 10, 3),
(69, 9, 7),
(69, 10, 10),
(70, 9, 3),
(70, 10, 4),
(71, 9, 6),
(71, 10, 9),
(72, 9, 7),
(72, 10, 9),
(73, 9, 5),
(73, 10, 4),
(74, 9, 8),
(74, 10, 8),
(75, 9, 3),
(75, 10, 4),
(76, 9, 6),
(76, 10, 8),
(77, 9, 9),
(77, 10, 6),
(78, 9, 5),
(78, 10, 3),
(79, 9, 6),
(79, 10, 6),
(80, 9, 4),
(80, 10, 5),
(81, 9, 8),
(81, 10, 10),
(82, 9, 6),
(82, 10, 9),
(83, 9, 4),
(83, 10, 3),
(84, 9, 9),
(84, 10, 9),
(85, 9, 5),
(85, 10, 5),
(86, 9, 6),
(86, 10, 6),
(87, 9, 9),
(87, 10, 8),
(88, 9, 5),
(88, 10, 4),
(89, 9, 10),
(89, 10, 7),
(90, 9, 3),
(90, 10, 3),
(91, 9, 9),
(91, 10, 6),
(92, 11, 8),
(92, 12, 8),
(92, 13, 7),
(93, 11, 3),
(93, 12, 5),
(93, 13, 4),
(94, 11, 7),
(94, 12, 6),
(94, 13, 6),
(95, 11, 5),
(95, 12, 3),
(95, 13, 3),
(96, 11, 8),
(96, 12, 8),
(96, 13, 6),
(97, 11, 6),
(97, 12, 6),
(97, 13, 6),
(98, 11, 3),
(98, 12, 3),
(98, 13, 3),
(99, 11, 9),
(99, 12, 8),
(99, 13, 10),
(100, 11, 3),
(100, 12, 4),
(100, 13, 3),
(101, 11, 7),
(101, 12, 9),
(101, 13, 10),
(102, 11, 8),
(102, 12, 7),
(102, 13, 7),
(103, 11, 5),
(103, 12, 4),
(103, 13, 3),
(104, 11, 6),
(104, 12, 10),
(104, 13, 6),
(105, 11, 3),
(105, 12, 5),
(105, 13, 3),
(106, 11, 7),
(106, 12, 6),
(106, 13, 9),
(107, 11, 8),
(107, 12, 7),
(107, 13, 10),
(108, 11, 4),
(108, 12, 4),
(108, 13, 3),
(109, 11, 9),
(109, 12, 7),
(109, 13, 8),
(110, 11, 4),
(110, 12, 4),
(110, 13, 3),
(111, 11, 9),
(111, 12, 10),
(111, 13, 10),
(112, 11, 8),
(112, 12, 7),
(112, 13, 6),
(113, 11, 5),
(113, 12, 3),
(113, 13, 5),
(114, 11, 9),
(114, 12, 6),
(114, 13, 8),
(115, 11, 5),
(115, 12, 3),
(115, 13, 3),
(116, 11, 6),
(116, 12, 9),
(116, 13, 8),
(117, 14, 10),
(117, 15, 6),
(118, 14, 5),
(118, 15, 4),
(119, 14, 9),
(119, 15, 7),
(120, 14, 4),
(120, 15, 4),
(121, 14, 8),
(121, 15, 7),
(122, 14, 10),
(122, 15, 6),
(123, 14, 4),
(123, 15, 4),
(124, 14, 6),
(124, 15, 6),
(125, 14, 3),
(125, 15, 4),
(126, 14, 7),
(126, 15, 9),
(127, 14, 7),
(127, 15, 10),
(128, 14, 4),
(128, 15, 4),
(129, 14, 8),
(129, 15, 7),
(130, 14, 5),
(130, 15, 5),
(131, 14, 8),
(131, 15, 8),
(132, 14, 7),
(132, 15, 7),
(133, 14, 4),
(133, 15, 3),
(134, 14, 10),
(134, 15, 7),
(135, 14, 4),
(135, 15, 4),
(136, 14, 10),
(136, 15, 6),
(137, 14, 9),
(137, 15, 9),
(138, 14, 3),
(138, 15, 3),
(139, 14, 7),
(139, 15, 7),
(140, 14, 4),
(140, 15, 4),
(141, 14, 9),
(141, 15, 9),
(142, 16, 6),
(142, 17, 6),
(142, 18, 9),
(143, 16, 4),
(143, 17, 4),
(143, 18, 3),
(144, 16, 10),
(144, 17, 7),
(144, 18, 6),
(145, 16, 4),
(145, 17, 5),
(145, 18, 4),
(146, 16, 9),
(146, 17, 7),
(146, 18, 9),
(147, 16, 8),
(147, 17, 9),
(147, 18, 6),
(148, 16, 3),
(148, 17, 4),
(148, 18, 3),
(149, 16, 10),
(149, 17, 7),
(149, 18, 8),
(150, 16, 3),
(150, 17, 5),
(150, 18, 5),
(151, 16, 7),
(151, 17, 6),
(151, 18, 7),
(152, 16, 6),
(152, 17, 7),
(152, 18, 7),
(153, 16, 4),
(153, 17, 5),
(153, 18, 5),
(154, 16, 10),
(154, 17, 9),
(154, 18, 7),
(155, 16, 5),
(155, 17, 3),
(155, 18, 3),
(156, 16, 7),
(156, 17, 10),
(156, 18, 8),
(157, 16, 10),
(157, 17, 7),
(157, 18, 6),
(158, 16, 3),
(158, 17, 4),
(158, 18, 5),
(159, 16, 7),
(159, 17, 7),
(159, 18, 6),
(160, 16, 5),
(160, 17, 4),
(160, 18, 5),
(161, 16, 9),
(161, 17, 10),
(161, 18, 10),
(162, 16, 10),
(162, 17, 10),
(162, 18, 6),
(163, 16, 4),
(163, 17, 4),
(163, 18, 5),
(164, 16, 7),
(164, 17, 8),
(164, 18, 9),
(165, 16, 4),
(165, 17, 3),
(165, 18, 5),
(166, 16, 8),
(166, 17, 9),
(166, 18, 9),
(167, 19, 6),
(167, 20, 9),
(168, 19, 3),
(168, 20, 3),
(169, 19, 9),
(169, 20, 9),
(170, 19, 5),
(170, 20, 3),
(171, 19, 6),
(171, 20, 10),
(172, 19, 10),
(172, 20, 8),
(173, 19, 5),
(173, 20, 4),
(174, 19, 7),
(174, 20, 9),
(175, 19, 4),
(175, 20, 3),
(176, 19, 9),
(176, 20, 10),
(177, 19, 9),
(177, 20, 9),
(178, 19, 3),
(178, 20, 3),
(179, 19, 8),
(179, 20, 9),
(180, 19, 4),
(180, 20, 4),
(181, 19, 7),
(181, 20, 6),
(182, 19, 7),
(182, 20, 7),
(183, 19, 5),
(183, 20, 4),
(184, 19, 8),
(184, 20, 8),
(185, 19, 3),
(185, 20, 4),
(186, 19, 9),
(186, 20, 6),
(187, 19, 8),
(187, 20, 9),
(188, 19, 4),
(188, 20, 3),
(189, 19, 7),
(189, 20, 10),
(190, 19, 5),
(190, 20, 5),
(191, 19, 6),
(191, 20, 9),
(192, 21, 10),
(192, 22, 10),
(192, 23, 7),
(193, 21, 3),
(193, 22, 3),
(193, 23, 5),
(194, 21, 9),
(194, 22, 8),
(194, 23, 7),
(195, 21, 3),
(195, 22, 5),
(195, 23, 4),
(196, 21, 8),
(196, 22, 8),
(196, 23, 6),
(197, 21, 6),
(197, 22, 6),
(197, 23, 6),
(198, 21, 4),
(198, 22, 5),
(198, 23, 3),
(199, 21, 6),
(199, 22, 8),
(199, 23, 9),
(200, 21, 4),
(200, 22, 5),
(200, 23, 4),
(201, 21, 7),
(201, 22, 9),
(201, 23, 9),
(202, 21, 10),
(202, 22, 8),
(202, 23, 8),
(203, 21, 3),
(203, 22, 4),
(203, 23, 4),
(204, 21, 6),
(204, 22, 7),
(204, 23, 6),
(205, 21, 4),
(205, 22, 4),
(205, 23, 5),
(206, 21, 6),
(206, 22, 10),
(206, 23, 7),
(207, 21, 6),
(207, 22, 6),
(207, 23, 7),
(208, 21, 3),
(208, 22, 4),
(208, 23, 3),
(209, 21, 7),
(209, 22, 9),
(209, 23, 9),
(210, 21, 3),
(210, 22, 3),
(210, 23, 4),
(211, 21, 9),
(211, 22, 7),
(211, 23, 6),
(212, 21, 7),
(212, 22, 6),
(212, 23, 8),
(213, 21, 5),
(213, 22, 3),
(213, 23, 3),
(214, 21, 8),
(214, 22, 7),
(214, 23, 8),
(215, 21, 4),
(215, 22, 5),
(215, 23, 5),
(216, 21, 6),
(216, 22, 9),
(216, 23, 10),
(217, 24, 8),
(217, 25, 10),
(218, 24, 5),
(218, 25, 5),
(219, 24, 6),
(219, 25, 8),
(220, 24, 5),
(220, 25, 4),
(221, 24, 7),
(221, 25, 8),
(222, 24, 8),
(222, 25, 8),
(223, 24, 5),
(223, 25, 3),
(224, 24, 9),
(224, 25, 6),
(225, 24, 4),
(225, 25, 5),
(226, 24, 8),
(226, 25, 8),
(227, 24, 6),
(227, 25, 9),
(228, 24, 5),
(228, 25, 4),
(229, 24, 6),
(229, 25, 7),
(230, 24, 3),
(230, 25, 3),
(231, 24, 8),
(231, 25, 10),
(232, 24, 10),
(232, 25, 10),
(233, 24, 5),
(233, 25, 5),
(234, 24, 9),
(234, 25, 10),
(235, 24, 4),
(235, 25, 4),
(236, 24, 7),
(236, 25, 10),
(237, 24, 6),
(237, 25, 10),
(238, 24, 3),
(238, 25, 3),
(239, 24, 6),
(239, 25, 6),
(240, 24, 3),
(240, 25, 5),
(241, 24, 10),
(241, 25, 9),
(242, 26, 7),
(242, 27, 6),
(242, 28, 8),
(243, 26, 3),
(243, 27, 4),
(243, 28, 4),
(244, 26, 8),
(244, 27, 8),
(244, 28, 9),
(245, 26, 3),
(245, 27, 4),
(245, 28, 5),
(246, 26, 6),
(246, 27, 7),
(246, 28, 9),
(247, 26, 10),
(247, 27, 6),
(247, 28, 6),
(248, 26, 4),
(248, 27, 4),
(248, 28, 5),
(249, 26, 9),
(249, 27, 7),
(249, 28, 7),
(250, 26, 5),
(250, 27, 4),
(250, 28, 3),
(251, 26, 10),
(251, 27, 7),
(251, 28, 6),
(252, 26, 9),
(252, 27, 9),
(252, 28, 6),
(253, 26, 3),
(253, 27, 5),
(253, 28, 4),
(254, 26, 9),
(254, 27, 8),
(254, 28, 6),
(255, 26, 4),
(255, 27, 4),
(255, 28, 4),
(256, 26, 6),
(256, 27, 9),
(256, 28, 10),
(257, 26, 9),
(257, 27, 8),
(257, 28, 10),
(258, 26, 5),
(258, 27, 3),
(258, 28, 4),
(259, 26, 10),
(259, 27, 10),
(259, 28, 9),
(260, 26, 3),
(260, 27, 4),
(260, 28, 3),
(261, 26, 7),
(261, 27, 9),
(261, 28, 9),
(262, 26, 8),
(262, 27, 7),
(262, 28, 7),
(263, 26, 4),
(263, 27, 3),
(263, 28, 3),
(264, 26, 6),
(264, 27, 6),
(264, 28, 9),
(265, 26, 3),
(265, 27, 4),
(265, 28, 3),
(266, 26, 10),
(266, 27, 8),
(266, 28, 10),
(267, 29, 10),
(267, 30, 7),
(268, 29, 4),
(268, 30, 5),
(269, 29, 7),
(269, 30, 9),
(270, 29, 3),
(270, 30, 3),
(271, 29, 8),
(271, 30, 6),
(272, 29, 7),
(272, 30, 6),
(273, 29, 3),
(273, 30, 4),
(274, 29, 9),
(274, 30, 10),
(275, 29, 5),
(275, 30, 5),
(276, 29, 7),
(276, 30, 8),
(277, 29, 7),
(277, 30, 8),
(278, 29, 4),
(278, 30, 3),
(279, 29, 6),
(279, 30, 10),
(280, 29, 5),
(280, 30, 4),
(281, 29, 10),
(281, 30, 7),
(282, 29, 7),
(282, 30, 9),
(283, 29, 4),
(283, 30, 5),
(284, 29, 8),
(284, 30, 10),
(285, 29, 4),
(285, 30, 5),
(286, 29, 10),
(286, 30, 10),
(287, 29, 9),
(287, 30, 7),
(288, 29, 5),
(288, 30, 3),
(289, 29, 9),
(289, 30, 9),
(290, 29, 5),
(290, 30, 5),
(291, 29, 9),
(291, 30, 7),
(292, 31, 7),
(292, 32, 10),
(292, 33, 9),
(293, 31, 5),
(293, 32, 3),
(293, 33, 5),
(294, 31, 10),
(294, 32, 10),
(294, 33, 6),
(295, 31, 4),
(295, 32, 3),
(295, 33, 4),
(296, 31, 7),
(296, 32, 9),
(296, 33, 7),
(297, 31, 9),
(297, 32, 8),
(297, 33, 9),
(298, 31, 3),
(298, 32, 4),
(298, 33, 4),
(299, 31, 6),
(299, 32, 10),
(299, 33, 8),
(300, 31, 3),
(300, 32, 4),
(300, 33, 3),
(301, 31, 6),
(301, 32, 7),
(301, 33, 10),
(302, 31, 7),
(302, 32, 9),
(302, 33, 9),
(303, 31, 3),
(303, 32, 4),
(303, 33, 5),
(304, 31, 10),
(304, 32, 7),
(304, 33, 10),
(305, 31, 3),
(305, 32, 3),
(305, 33, 3),
(306, 31, 8),
(306, 32, 7),
(306, 33, 9),
(307, 31, 9),
(307, 32, 10),
(307, 33, 7),
(308, 31, 4),
(308, 32, 3),
(308, 33, 5),
(309, 31, 10),
(309, 32, 7),
(309, 33, 9),
(310, 31, 4),
(310, 32, 3),
(310, 33, 4),
(311, 31, 9),
(311, 32, 7),
(311, 33, 9),
(312, 31, 8),
(312, 32, 8),
(312, 33, 8),
(313, 31, 3),
(313, 32, 4),
(313, 33, 5),
(314, 31, 7),
(314, 32, 8),
(314, 33, 7),
(315, 31, 3),
(315, 32, 4),
(315, 33, 4),
(316, 31, 7),
(316, 32, 6),
(316, 33, 9),
(317, 31, 10),
(317, 32, 10),
(317, 33, 8),
(318, 31, 4),
(318, 32, 3),
(318, 33, 5),
(319, 31, 7),
(319, 32, 7),
(319, 33, 10),
(320, 31, 3),
(320, 32, 5),
(320, 33, 3),
(321, 31, 7),
(321, 32, 7),
(321, 33, 8),
(322, 34, 6),
(322, 35, 10),
(323, 34, 3),
(323, 35, 4),
(324, 34, 6),
(324, 35, 9),
(325, 34, 4),
(325, 35, 4),
(326, 34, 6),
(326, 35, 10),
(327, 34, 8),
(327, 35, 9),
(328, 34, 3),
(328, 35, 5),
(329, 34, 9),
(329, 35, 10),
(330, 34, 5),
(330, 35, 4),
(331, 34, 7),
(331, 35, 6),
(332, 34, 10),
(332, 35, 6),
(333, 34, 4),
(333, 35, 3),
(334, 34, 6),
(334, 35, 7),
(335, 34, 5),
(335, 35, 3),
(336, 34, 9),
(336, 35, 7),
(337, 34, 9),
(337, 35, 10),
(338, 34, 3),
(338, 35, 5),
(339, 34, 7),
(339, 35, 7),
(340, 34, 4),
(340, 35, 5),
(341, 34, 9),
(341, 35, 8),
(342, 34, 9),
(342, 35, 7),
(343, 34, 3),
(343, 35, 5),
(344, 34, 10),
(344, 35, 10),
(345, 34, 5),
(345, 35, 5),
(346, 34, 8),
(346, 35, 7),
(347, 34, 9),
(347, 35, 7),
(348, 34, 4),
(348, 35, 3),
(349, 34, 8),
(349, 35, 7),
(350, 34, 4),
(350, 35, 4),
(351, 34, 9),
(351, 35, 7),
(352, 36, 9),
(352, 37, 7),
(352, 38, 6),
(353, 36, 5),
(353, 37, 3),
(353, 38, 4),
(354, 36, 6),
(354, 37, 8),
(354, 38, 6),
(355, 36, 5),
(355, 37, 3),
(355, 38, 5),
(356, 36, 10),
(356, 37, 7),
(356, 38, 10),
(357, 36, 10),
(357, 37, 7),
(357, 38, 9),
(358, 36, 4),
(358, 37, 5),
(358, 38, 5),
(359, 36, 7),
(359, 37, 6),
(359, 38, 7),
(360, 36, 4),
(360, 37, 4),
(360, 38, 4),
(361, 36, 10),
(361, 37, 10),
(361, 38, 7),
(362, 36, 7),
(362, 37, 8),
(362, 38, 8),
(363, 36, 3),
(363, 37, 3),
(363, 38, 5),
(364, 36, 9),
(364, 37, 7),
(364, 38, 7),
(365, 36, 5),
(365, 37, 3),
(365, 38, 4),
(366, 36, 9),
(366, 37, 6),
(366, 38, 9),
(367, 36, 8),
(367, 37, 10),
(367, 38, 6),
(368, 36, 3),
(368, 37, 4),
(368, 38, 5),
(369, 36, 6),
(369, 37, 10),
(369, 38, 10),
(370, 36, 4),
(370, 37, 3),
(370, 38, 4),
(371, 36, 6),
(371, 37, 7),
(371, 38, 7),
(372, 36, 7),
(372, 37, 8),
(372, 38, 9),
(373, 36, 5),
(373, 37, 5),
(373, 38, 3),
(374, 36, 8),
(374, 37, 8),
(374, 38, 7),
(375, 36, 5),
(375, 37, 4),
(375, 38, 4),
(376, 36, 7),
(376, 37, 6),
(376, 38, 8),
(377, 36, 6),
(377, 37, 9),
(377, 38, 8),
(378, 36, 3),
(378, 37, 5),
(378, 38, 5),
(379, 36, 10),
(379, 37, 6),
(379, 38, 9),
(380, 36, 4),
(380, 37, 4),
(380, 38, 3),
(381, 36, 10),
(381, 37, 8),
(381, 38, 7),
(382, 39, 6),
(382, 40, 9),
(383, 39, 5),
(383, 40, 5),
(384, 39, 8),
(384, 40, 9),
(385, 39, 5),
(385, 40, 3),
(386, 39, 7),
(386, 40, 7),
(387, 39, 10),
(387, 40, 9),
(388, 39, 5),
(388, 40, 3),
(389, 39, 9),
(389, 40, 7),
(390, 39, 3),
(390, 40, 4),
(391, 39, 9),
(391, 40, 7),
(392, 39, 7),
(392, 40, 9),
(393, 39, 3),
(393, 40, 4),
(394, 39, 8),
(394, 40, 9),
(395, 39, 5),
(395, 40, 4),
(396, 39, 9),
(396, 40, 7),
(397, 39, 10),
(397, 40, 10),
(398, 39, 5),
(398, 40, 5),
(399, 39, 9),
(399, 40, 8),
(400, 39, 4),
(400, 40, 5),
(401, 39, 8),
(401, 40, 10),
(402, 39, 6),
(402, 40, 8),
(403, 39, 4),
(403, 40, 5),
(404, 39, 9),
(404, 40, 7),
(405, 39, 3),
(405, 40, 5),
(406, 39, 9),
(406, 40, 10),
(407, 39, 7),
(407, 40, 6),
(408, 39, 4),
(408, 40, 4),
(409, 39, 8),
(409, 40, 6),
(410, 39, 3),
(410, 40, 3),
(411, 39, 8),
(411, 40, 9),
(413, 39, 10),
(413, 40, 15);

-- --------------------------------------------------------

--
-- Table structure for table `parentinfo`
--

CREATE TABLE IF NOT EXISTS `parentinfo` (
  `ParentInfoID` smallint(6) NOT NULL,
  `MobileNumber` varchar(15) DEFAULT NULL,
  `OfficeNumber` varchar(15) DEFAULT NULL,
  `EmailAddress` varchar(50) DEFAULT NULL,
  `FaxNumber` varchar(15) DEFAULT NULL,
  `Profession` varchar(30) DEFAULT NULL,
  `Grade` varchar(10) DEFAULT NULL,
  `Income` int(11) DEFAULT NULL,
  `OrganizationAddress` varchar(50) DEFAULT NULL,
  `OrganizationType` varchar(10) DEFAULT NULL,
  PRIMARY KEY (`ParentInfoID`)
) ENGINE=InnoDB DEFAULT CHARSET=latin1;

--
-- Dumping data for table `parentinfo`
--

INSERT INTO `parentinfo` (`ParentInfoID`, `MobileNumber`, `OfficeNumber`, `EmailAddress`, `FaxNumber`, `Profession`, `Grade`, `Income`, `OrganizationAddress`, `OrganizationType`) VALUES
(1, '03116815815', '0514438065', 'arslan_khalid2009@yahoo.com', '0514447774', 'Principal Scientist', 'PSO-20', 62590, 'PINESTECH Nilore Rawalpindi', 'Government'),
(2, '03116815815', '0514498567', 'ahsan.sharif007@gmail.com', '0518975896', 'Principle Scientist', 'PSO-19', 62500, 'PINESTECH Nilore Islamabad', 'Government'),
(3, '03116815815', '0514498567', 'bilal_ahmad_0@live.com', '0518975896', 'Principle Scientist', 'PSO-19', 62500, 'PINESTECH Nilore Islamabad', 'Government'),
(4, '03325465573', '0514498567', 'ahsan.sharif007@yahoo.com', '0518975896', 'Principle Scientist', 'PSO-19', 62500, 'PINESTECH Nilore Islamabad', 'Government'),
(5, '03125250556', '0514498567', 'irffan007@yahoo.com', '0518975896', 'Principle Scientist', 'PSO-19', 62500, 'PINESTECH Nilore Islamabad', 'Government'),
(6, '03325465573', '0514498567', 'ahsan.sharif007@hotmail.com', '0518975896', 'Principle Scientist', 'PSO-19', 62500, 'PINESTECH Nilore Islamabad', 'Government'),
(7, '03335367073', '0514498567', 'ahsan.sharif007@gmail.com', '0518975896', 'Principle Scientist', 'PSO-19', 62500, 'PINESTECH Nilore Islamabad', 'Government'),
(8, '03335367073', '0514498567', 'arslan_khalid@hotmail.com', '0518975896', 'Principle Scientist', 'PSO-19', 62500, 'PINESTECH Nilore Islamabad', 'Government'),
(9, '03335367073', '0514498567', 'arslan_khalid@hotmail.com', '0518975896', 'Principle Scientist', 'PSO-19', 62500, 'PINESTECH Nilore Islamabad', 'Government'),
(10, '03335367073', '0514498567', 'arslan_khalid@hotmail.com', '0518975896', 'Principle Scientist', 'PSO-19', 62500, 'PINESTECH Nilore Islamabad', 'Government'),
(11, '03455553014', '0514498567', 'ahsan.sharif007@gmail.com', '0518975896', 'Principle Scientist', 'PSO-19', 62500, 'PINESTECH Nilore Islamabad', 'Government'),
(12, '03335367073', '0514498567', 'bilal_ahmad_0@live.com', '0518975896', 'Principle Scientist', 'PSO-19', 62500, 'PINESTECH Nilore Islamabad', 'Government'),
(13, '03325465573', '0514498567', 'ahsan.sharif007@yahoo.com', '0518975896', 'Principle Scientist', 'PSO-19', 62500, 'PINESTECH Nilore Islamabad', 'Government'),
(14, '03125250556', '0514498567', 'irffan007@yahoo.com', '0518975896', 'Principle Scientist', 'PSO-19', 62500, 'PINESTECH Nilore Islamabad', 'Government'),
(15, '03325465573', '0514498567', 'ahsan.sharif007@hotmail.com', '0518975896', 'Principle Scientist', 'PSO-19', 62500, 'PINESTECH Nilore Islamabad', 'Government'),
(16, '03335367073', '0514498567', 'arslan_khalid@hotmail.com', '0518975896', 'Principle Scientist', 'PSO-19', 62500, 'PINESTECH Nilore Islamabad', 'Government'),
(17, '03455553014', '0514498567', 'ahsan.sharif007@yahoo.com', '0518975896', 'Principle Scientist', 'PSO-19', 62500, 'PINESTECH Nilore Islamabad', 'Government'),
(18, '03325465573', '0514498567', 'ahsan.sharif007@hotmail.com', '0518975896', 'Principle Scientist', 'PSO-19', 62500, 'PINESTECH Nilore Islamabad', 'Government'),
(19, '03455553014', '0514498567', 'ahsan.sharif007@gmail.com', '0518975896', 'Principle Scientist', 'PSO-19', 62500, 'PINESTECH Nilore Islamabad', 'Government'),
(20, '03236233870', '0514498567', 'bilal_ahmad_0@live.com', '0518975896', 'Principle Scientist', 'PSO-19', 62500, 'PINESTECH Nilore Islamabad', 'Government'),
(21, '03325465573', '0514498567', 'ahsan.sharif007@yahoo.com', '0518975896', 'Principle Scientist', 'PSO-19', 62500, 'PINESTECH Nilore Islamabad', 'Government'),
(22, '03125250556', '0514498567', 'irffan007@yahoo.com', '0518975896', 'Principle Scientist', 'PSO-19', 62500, 'PINESTECH Nilore Islamabad', 'Government'),
(23, '03325465573', '0514498567', 'ahsan.sharif007@gmail.com', '0518975896', 'Principle Scientist', 'PSO-19', 62500, 'PINESTECH Nilore Islamabad', 'Government'),
(24, '03335367073', '0514498567', 'arslan_khalid@hotmail.com', '0518975896', 'Principle Scientist', 'PSO-19', 62500, 'PINESTECH Nilore Islamabad', 'Government'),
(25, '03455553014', '0514498567', 'ahsan.sharif007@hotmail.com', '0518975896', 'Principle Scientist', 'PSO-19', 62500, 'PINESTECH Nilore Islamabad', 'Government'),
(26, '03135002306', '0514498567', 'arslan_khalid@hotmail.com', '0518975896', 'Principle Scientist', 'PSO-19', 62500, 'PINESTECH Nilore Islamabad', 'Government'),
(27, '03236233870', '0514498567', 'bilal_ahmad_0@live.com', '0518975896', 'Principle Scientist', 'PSO-19', 62500, 'PINESTECH Nilore Islamabad', 'Government'),
(28, '03455553014', '0514498567', 'ahsan.sharif007@gmail.com', '0518975896', 'Principle Scientist', 'PSO-19', 62500, 'PINESTECH Nilore Islamabad', 'Government'),
(29, '03335367073', '0514498567', 'arslan_khalid@hotmail.com', '0518975896', 'Principle Scientist', 'PSO-19', 62500, 'PINESTECH Nilore Islamabad', 'Government'),
(30, '03125250556', '0514498567', 'irffan007@yahoo.com', '0518975896', 'Principle Scientist', 'PSO-19', 62500, 'PINESTECH Nilore Islamabad', 'Government'),
(31, '03335367073', '0514498567', 'arslan_khalid@hotmail.com', '0518975896', 'Principle Scientist', 'PSO-19', 62500, 'PINESTECH Nilore Islamabad', 'Government'),
(32, '03236233870', '0514498567', 'bilal_ahmad_0@live.com', '0518975896', 'Principle Scientist', 'PSO-19', 62500, 'PINESTECH Nilore Islamabad', 'Government'),
(33, '03125250556', '0514498567', 'irffan007@yahoo.com', '0518975896', 'Principle Scientist', 'PSO-19', 62500, 'PINESTECH Nilore Islamabad', 'Government'),
(34, '03325465573', '0514498567', 'ahsan.sharif007@gmail.com', '0518975896', 'Principle Scientist', 'PSO-19', 62500, 'PINESTECH Nilore Islamabad', 'Government'),
(35, '03335367073', '0514498567', 'arslan_khalid@hotmail.com', '0518975896', 'Principle Scientist', 'PSO-19', 62500, 'PINESTECH Nilore Islamabad', 'Government'),
(36, '03325465573', '0514498567', 'ahsan.sharif007@gmail.com', '0518975896', 'Principle Scientist', 'PSO-19', 62500, 'PINESTECH Nilore Islamabad', 'Government'),
(37, '03335367073', '0514498567', 'arslan_khalid@hotmail.com', '0518975896', 'Principle Scientist', 'PSO-19', 62500, 'PINESTECH Nilore Islamabad', 'Government'),
(38, '03125250556', '0514498567', 'irffan007@yahoo.com', '0518975896', 'Principle Scientist', 'PSO-19', 62500, 'PINESTECH Nilore Islamabad', 'Government'),
(39, '03236233870', '0514498567', 'bilal_ahmad_0@live.com', '0518975896', 'Principle Scientist', 'PSO-19', 62500, 'PINESTECH Nilore Islamabad', 'Government'),
(40, '03335367073', '0514498567', 'arslan_khalid@hotmail.com', '0518975896', 'Principle Scientist', 'PSO-19', 62500, 'PINESTECH Nilore Islamabad', 'Government');

-- --------------------------------------------------------

--
-- Table structure for table `prereq`
--

CREATE TABLE IF NOT EXISTS `prereq` (
  `SubjectID` smallint(6) NOT NULL,
  `PreReqID` smallint(6) NOT NULL,
  PRIMARY KEY (`SubjectID`,`PreReqID`),
  KEY `FK_PreReq_Subject1` (`PreReqID`)
) ENGINE=InnoDB DEFAULT CHARSET=latin1;

--
-- Dumping data for table `prereq`
--

INSERT INTO `prereq` (`SubjectID`, `PreReqID`) VALUES
(14, 1),
(16, 1),
(19, 1),
(21, 1),
(24, 1),
(25, 1),
(29, 1),
(30, 1),
(37, 1),
(17, 2),
(31, 2),
(13, 6),
(15, 6),
(11, 7),
(12, 8),
(18, 8),
(40, 9),
(26, 19),
(27, 20),
(28, 21),
(33, 23),
(34, 25),
(35, 31);

-- --------------------------------------------------------

--
-- Table structure for table `question`
--

CREATE TABLE IF NOT EXISTS `question` (
  `QuestionID` smallint(6) NOT NULL AUTO_INCREMENT,
  `QuestionDetail` varchar(90) NOT NULL,
  `Type` varchar(1) NOT NULL,
  PRIMARY KEY (`QuestionID`)
) ENGINE=InnoDB  DEFAULT CHARSET=latin1 AUTO_INCREMENT=15 ;

--
-- Dumping data for table `question`
--

INSERT INTO `question` (`QuestionID`, `QuestionDetail`, `Type`) VALUES
(1, 'Instructor''s grip on the subject.', 't'),
(2, 'Instruction well organized/ Class time used effectively. ', 't'),
(3, 'Instructor stimulated critical thinking/ problem solving skills.', 't'),
(4, 'Instructor provided response to questions.', 't'),
(5, 'Instructor''s temperament in class.', 't'),
(6, 'Content areas described in course outline were covered.', 't'),
(7, 'Relevance of Quizzes and Assignments & Exams.', 't'),
(8, 'Method of assigning grades was clear.', 't'),
(9, 'Instructor was available for assistance. ', 't'),
(10, 'Overall, the instructor is an effective teacher.', 't'),
(11, 'Instructor provide timely feedback on my work.', 't'),
(12, 'I gained sufficient knowledge about this subject.', 's'),
(13, 'I can apply what i learned in this course beyond the classroom.', 's'),
(14, 'My ability to think critically about the topics in this class has improved.', 's');

-- --------------------------------------------------------

--
-- Table structure for table `room`
--

CREATE TABLE IF NOT EXISTS `room` (
  `RoomID` smallint(6) NOT NULL AUTO_INCREMENT,
  `RoomCode` varchar(5) NOT NULL,
  `BlockID` smallint(6) DEFAULT NULL,
  `Floor` varchar(7) DEFAULT NULL,
  `Lab` tinyint(1) NOT NULL,
  PRIMARY KEY (`RoomID`),
  KEY `BlockID` (`BlockID`)
) ENGINE=InnoDB  DEFAULT CHARSET=latin1 AUTO_INCREMENT=12 ;

--
-- Dumping data for table `room`
--

INSERT INTO `room` (`RoomID`, `RoomCode`, `BlockID`, `Floor`, `Lab`) VALUES
(1, '001', 1, '1', 0),
(2, '002', 1, '1', 0),
(3, '003', 1, '1', 0),
(4, '004', 1, '1', 0),
(5, '005', 1, '1', 0),
(6, '006', 1, '1', 0),
(7, '007', 1, '1', 0),
(8, '008', 1, '1', 0),
(9, '009', 1, '1', 1),
(10, '010', 1, '1', 1),
(11, '011', 1, '1', 1);

-- --------------------------------------------------------

--
-- Table structure for table `section`
--

CREATE TABLE IF NOT EXISTS `section` (
  `SectionID` smallint(6) NOT NULL AUTO_INCREMENT,
  `DisciplineID` smallint(6) NOT NULL,
  `Semester` smallint(6) NOT NULL,
  `SectionCode` char(1) NOT NULL,
  PRIMARY KEY (`SectionID`),
  KEY `DisciplineID` (`DisciplineID`)
) ENGINE=InnoDB  DEFAULT CHARSET=latin1 AUTO_INCREMENT=17 ;

--
-- Dumping data for table `section`
--

INSERT INTO `section` (`SectionID`, `DisciplineID`, `Semester`, `SectionCode`) VALUES
(1, 1, 8, 'A'),
(2, 1, 8, 'B'),
(3, 1, 7, 'A'),
(4, 1, 7, 'B'),
(5, 1, 6, 'A'),
(6, 1, 6, 'B'),
(7, 1, 5, 'A'),
(8, 1, 5, 'B'),
(9, 1, 4, 'A'),
(10, 1, 4, 'B'),
(11, 1, 3, 'A'),
(12, 1, 3, 'B'),
(13, 1, 2, 'A'),
(14, 1, 2, 'B'),
(15, 1, 1, 'A'),
(16, 1, 1, 'B');

-- --------------------------------------------------------

--
-- Table structure for table `session`
--

CREATE TABLE IF NOT EXISTS `session` (
  `SessionID` smallint(6) NOT NULL AUTO_INCREMENT,
  `Code` varchar(4) NOT NULL,
  PRIMARY KEY (`SessionID`)
) ENGINE=InnoDB  DEFAULT CHARSET=latin1 AUTO_INCREMENT=9 ;

--
-- Dumping data for table `session`
--

INSERT INTO `session` (`SessionID`, `Code`) VALUES
(1, 'FA09'),
(2, 'SP10'),
(3, 'FA10'),
(4, 'SP11'),
(5, 'FA11'),
(6, 'SP12'),
(7, 'FA12'),
(8, 'SP13');

-- --------------------------------------------------------

--
-- Table structure for table `slot`
--

CREATE TABLE IF NOT EXISTS `slot` (
  `SlotID` smallint(6) NOT NULL AUTO_INCREMENT,
  `Day` char(1) NOT NULL,
  `StartTime` time NOT NULL,
  `EndTime` time NOT NULL,
  PRIMARY KEY (`SlotID`)
) ENGINE=InnoDB  DEFAULT CHARSET=latin1 AUTO_INCREMENT=79 ;

--
-- Dumping data for table `slot`
--

INSERT INTO `slot` (`SlotID`, `Day`, `StartTime`, `EndTime`) VALUES
(7, '1', '08:30:00', '10:00:00'),
(8, '2', '08:30:00', '10:00:00'),
(9, '3', '08:30:00', '10:00:00'),
(10, '4', '08:30:00', '10:00:00'),
(11, '5', '08:30:00', '10:00:00'),
(12, '6', '08:30:00', '10:00:00'),
(13, '1', '10:00:00', '11:30:00'),
(14, '2', '10:00:00', '11:30:00'),
(15, '3', '10:00:00', '11:30:00'),
(16, '4', '10:00:00', '11:30:00'),
(17, '5', '10:00:00', '11:30:00'),
(18, '6', '10:00:00', '11:30:00'),
(19, '1', '11:30:00', '13:00:00'),
(20, '2', '11:30:00', '13:00:00'),
(21, '3', '11:30:00', '13:00:00'),
(22, '4', '11:30:00', '13:00:00'),
(23, '5', '11:30:00', '13:00:00'),
(24, '6', '11:30:00', '13:00:00'),
(25, '1', '13:00:00', '14:30:00'),
(26, '2', '13:00:00', '14:30:00'),
(27, '3', '13:00:00', '14:30:00'),
(28, '4', '13:00:00', '14:30:00'),
(29, '5', '13:00:00', '14:30:00'),
(30, '6', '13:00:00', '14:30:00'),
(31, '1', '14:30:00', '16:00:00'),
(32, '2', '14:30:00', '16:00:00'),
(33, '3', '14:30:00', '16:00:00'),
(34, '4', '14:30:00', '16:00:00'),
(35, '5', '14:30:00', '16:00:00'),
(36, '6', '14:30:00', '16:00:00'),
(37, '1', '16:00:00', '17:30:00'),
(38, '2', '16:00:00', '17:30:00'),
(39, '3', '16:00:00', '17:30:00'),
(40, '4', '16:00:00', '17:30:00'),
(41, '5', '16:00:00', '17:30:00'),
(42, '6', '16:00:00', '17:30:00'),
(43, '1', '17:30:00', '19:00:00'),
(44, '2', '17:30:00', '19:00:00'),
(45, '3', '17:30:00', '19:00:00'),
(46, '4', '17:30:00', '19:00:00'),
(47, '5', '17:30:00', '19:00:00'),
(48, '6', '17:30:00', '19:00:00'),
(49, '1', '19:00:00', '20:30:00'),
(50, '2', '19:00:00', '20:30:00'),
(51, '3', '19:00:00', '20:30:00'),
(52, '4', '19:00:00', '20:30:00'),
(53, '5', '19:00:00', '20:30:00'),
(54, '6', '19:00:00', '20:30:00'),
(55, '1', '20:30:00', '22:00:00'),
(56, '2', '20:30:00', '22:00:00'),
(57, '3', '20:30:00', '22:00:00'),
(58, '4', '20:30:00', '22:00:00'),
(59, '5', '20:30:00', '22:00:00'),
(60, '6', '20:30:00', '22:00:00'),
(61, '1', '08:30:00', '11:30:00'),
(62, '2', '08:30:00', '11:30:00'),
(63, '3', '08:30:00', '11:30:00'),
(64, '4', '08:30:00', '11:30:00'),
(65, '5', '08:30:00', '11:30:00'),
(66, '6', '08:30:00', '11:30:00'),
(67, '1', '11:30:00', '14:30:00'),
(68, '2', '11:30:00', '14:30:00'),
(69, '3', '11:30:00', '14:30:00'),
(70, '4', '11:30:00', '14:30:00'),
(71, '5', '11:30:00', '14:30:00'),
(72, '6', '11:30:00', '14:30:00'),
(73, '1', '14:30:00', '17:30:00'),
(74, '2', '14:30:00', '17:30:00'),
(75, '3', '14:30:00', '17:30:00'),
(76, '4', '14:30:00', '17:30:00'),
(77, '5', '14:30:00', '17:30:00'),
(78, '6', '14:30:00', '17:30:00');

-- --------------------------------------------------------

--
-- Table structure for table `student`
--

CREATE TABLE IF NOT EXISTS `student` (
  `StudentID` smallint(6) NOT NULL AUTO_INCREMENT,
  `Name` varchar(25) NOT NULL,
  `FatherName` varchar(25) NOT NULL,
  `CNICNo` varchar(17) NOT NULL,
  `Image` varchar(30) DEFAULT NULL,
  `DOB` varchar(10) NOT NULL,
  `JoinDate` varchar(10) NOT NULL,
  `Religon` varchar(10) NOT NULL,
  `RegistrationNo` varchar(15) NOT NULL,
  `Username` varchar(75) DEFAULT NULL,
  `Password` varchar(32) NOT NULL,
  `XPassword` varchar(32) NOT NULL,
  `PhoneNumber` varchar(15) NOT NULL,
  `MobileNumber` varchar(15) NOT NULL,
  `EmailAddress` varchar(50) NOT NULL,
  `PermanentAddress` varchar(100) NOT NULL,
  `PermanentCity` varchar(25) NOT NULL,
  `TempAddress` varchar(100) DEFAULT NULL,
  `Semester` tinyint(3) NOT NULL,
  `DisciplineID` smallint(6) NOT NULL,
  `TempCity` varchar(25) DEFAULT NULL,
  `SessionID` smallint(6) NOT NULL,
  `SectionID` smallint(6) DEFAULT NULL,
  `RollNo` tinyint(4) NOT NULL,
  PRIMARY KEY (`StudentID`),
  KEY `DisciplineID` (`DisciplineID`),
  KEY `SessionID` (`SessionID`),
  KEY `SectionID` (`SectionID`)
) ENGINE=InnoDB  DEFAULT CHARSET=latin1 AUTO_INCREMENT=41 ;

--
-- Dumping data for table `student`
--

INSERT INTO `student` (`StudentID`, `Name`, `FatherName`, `CNICNo`, `Image`, `DOB`, `JoinDate`, `Religon`, `RegistrationNo`, `Username`, `Password`, `XPassword`, `PhoneNumber`, `MobileNumber`, `EmailAddress`, `PermanentAddress`, `PermanentCity`, `TempAddress`, `Semester`, `DisciplineID`, `TempCity`, `SessionID`, `SectionID`, `RollNo`) VALUES
(1, 'Arslan Khalid', 'Khalid Saeed', '3520294594631', '1.png', '12/29/1990', '01/08/2009', 'Islam', 'FA09-BCS-001', 'arslan', '1', '1', '0514584328', '03335367073', 'arslan.khalid34@gmail.com', 'House#1234, Street#12, Sector I-10/2', 'Islamabad', 'House#1234, Street#12, Sector I-10/2', 8, 1, 'Multan', 1, 1, 1),
(2, 'Bilal Ahmad', 'Muhammad Ahmad', '3520294594632', '2.png', '01/01/1991', '01/08/2009', 'Islam', 'FA09-BCS-002', 'bilal', '2', '2', '0614439481', '03236233870', 'bilal_ahmad_0@live.com', 'Jinah Town, Jail Road', 'Multan', NULL, 8, 1, NULL, 1, 2, 1),
(3, 'Emad Zafar', 'Khursheed khan', '3520294594633', '3.png', '08/01/1989', '01/08/2009', 'Islam', 'FA09-BCS-003', 'emad', '3', '1', '0414435872', '03125250556', 'irffan007@yahoo.com', 'House#145, Street#11, chock moora', 'Lahore', 'House#1234, Street#12, Sector I-10/2', 8, 1, 'Multan', 1, 3, 2),
(4, 'Erqm Hussain', 'Hassan Usman', '3520294594634', '4.png', '12/05/1990', '01/08/2009', 'Islam', 'FA09-BCS-004', 'erqm', '4', '1', '0615781890', '03135002306', 'arslan.khalid2009@yahoo.com', 'House#556, Street#20, gul gasht', 'Multan', NULL, 8, 1, NULL, 1, 4, 2),
(5, 'Adil Usman', 'Omer Usman', '3520294594635', '5.png', '04/02/1989', '01/08/2009', 'Islam', 'FA09-BCS-005', 'adil', '5', '1', '0515778955', '03335367073', 'arslan_khalid@hotmail.com', 'Mubarak Town Gali# 1 House# 10', 'Islamabad', 'Dolat gait Gali# 1 House# 10', 8, 1, 'Multan', 1, 5, 2),
(6, 'Usman Mohayodin', 'Abo-bakkr', '3520294594636', '6.png', '06/29/1991', '01/01/2010', 'Islam', 'SP10-BCS-001', NULL, '1', '1', '0514511861', '03325465573', 'ahsan.sharif007@gmail.com', 'House#20, Street#21, Sector H11/2', 'Islamabad', 'Jinah bzar bakar road house#11', 7, 1, 'Multan', 2, 1, 3),
(7, 'Imran', 'Mohammad Ali', '3520294594637', '7.png', '07/01/1991', '01/01/2010', 'Islam', 'SP10-BCS-002', NULL, '2', '1', '0614351872', '03455553014', 'ahsan.sharif007@hotmail.com', 'sooraj miani gali# 10 house#210', 'Multan', NULL, 7, 1, NULL, 2, 2, 3),
(8, 'Khizar Husain', 'Muhammad Ahmad', '3520294594638', '8.png', '12/01/1990', '01/01/2010', 'Islam', 'SP10-BCS-003', NULL, '3', '1', '0411675165', '03335367073', 'arslan_khalid@hotmail.com', 'chandni chwok gali#20 mkan#20', 'Lahore', 'House#1234, Street#12, Sector I-10/2', 7, 1, 'Multan', 2, 3, 3),
(9, 'Umair Nazir', 'Nazir', '3520294594639', '9.png', '12/05/1990', '01/01/2010', 'Islam', 'SP10-BCS-004', NULL, '4', '1', '0611138792', '03236233870', 'bilal_ahmad_0@hotmail.com', 'vehari chowk U section house#70', 'Multan', NULL, 7, 1, NULL, 2, 4, 4),
(10, 'Umair Ahsan', 'Ahsan Sharif', '3520294594640', '10.png', '04/02/1991', '01/01/2010', 'Islam', 'SP10-BCS-005', NULL, '5', '1', '0515979651', '03125250556', 'irffan007@yahoo.com', 'Sector G/10 House#21 st#10', 'Islamabad', 'Dolat gait Gali# 1 House# 10', 7, 1, 'Multan', 2, 5, 4),
(11, 'Asim', 'Waqaas', '3520294594641', '11.png', '12/29/1991', '01/08/2010', 'Islam', 'FA10-BCS-001', NULL, '1', '1', '0514434890', '03325465573', 'ahsan.sharif007@gmail.com', 'House#1234, Street#12, Sector I-10/2', 'Islamabad', 'House#1234, Street#12, Sector I-10/2', 6, 1, 'Multan', 3, 1, 5),
(12, 'Akhtar', 'Naaveed Ali', '3520294594642', '12.png', '10/05/1991', '01/08/2010', 'Islam', 'FA10-BCS-002', NULL, '2', '1', '0614439481', '03455553014', 'ahsan.sharif007@hotmail.com', 'Jinah Town, Jail Road', 'Multan', NULL, 6, 1, NULL, 3, 2, 5),
(13, 'Niaz', 'Khuram', '3520294594643', '13.png', '08/01/1991', '01/08/2010', 'Islam', 'FA10-BCS-003', NULL, '3', '1', '0414435872', '03335367073', 'arslan_khalid@hotmail.com', 'House#145, Street#11, chock moora', 'Lahore', 'House#1234, Street#12, Sector I-10/2', 6, 1, 'Multan', 3, 3, 6),
(14, 'Fareed', 'Malik Riaaz', '3520294594644', '14.png', '12/20/1990', '01/08/2010', 'Islam', 'FA10-BCS-004', NULL, '4', '1', '0615781890', '03236233870', 'bilal_ahmad_0@hotmail.com', 'House#556, Street#20, gul gasht', 'Multan', NULL, 6, 1, NULL, 3, 4, 6),
(15, 'Furqaan', 'Farooq', '3520294594645', '15.png', '12/29/1990', '01/08/2010', 'Islam', 'FA10-BCS-005', NULL, '5', '1', '0515778950', '03135002306', 'arslan.khalid34@gmail.com', 'Mubarak Town Gali# 1 House# 10', 'Islamabad', 'Dolat gait Gali# 1 House# 10', 6, 1, 'Multan', 3, 5, 6),
(16, 'Bahadur Jaan', 'Abo-bakkr', '3520294594636', '16.png', '06/29/1991', '01/01/2010', 'Islam', 'SP11-BCS-001', NULL, '1', '1', '0514511861', '03125250556', 'irffan007@yahoo.com', 'House#20, Street#21, Sector H11/2', 'Islamabad', 'Jinah bzar bakar road house#11', 5, 1, 'Multan', 4, 1, 7),
(17, 'Zeshan', 'Mohammad Ali', '3520294594637', '17.png', '07/01/1991', '01/01/2010', 'Islam', 'SP11-BCS-002', NULL, '2', '1', '0614351872', '03135400271', 'ahsan.sharif007@gmail.com', 'sooraj miani gali# 10 house#210', 'Multan', NULL, 5, 1, NULL, 4, 2, 7),
(18, 'Shoaaib Ahmad', 'Muhammad Ahmad', '3520294594638', '18.png', '12/01/1990', '01/01/2010', 'Islam', 'SP11-BCS-003', NULL, '3', '1', '0411675165', '03325465573', 'ahsan.sharif007@hotmail.com', 'chandni chwok gali#20 mkan#20', 'Lahore', 'House#1234, Street#12, Sector I-10/2', 5, 1, 'Multan', 4, 3, 7),
(19, 'Hafeez', 'Nazir', '3520294594639', '19.png', '12/05/1990', '01/01/2010', 'Islam', 'SP11-BCS-004', NULL, '4', '1', '0611138792', '03455553014', 'ahsan.sharif007@yahoo.com', 'vehari chowk U section house#70', 'Multan', NULL, 5, 1, NULL, 4, 4, 8),
(20, 'Safi', 'Ahsan Sharif', '3520294594640', '20.png', '04/02/1991', '01/01/2010', 'Islam', 'SP11-BCS-005', NULL, '5', '1', '0515979651', '03335367073', 'bilal_ahmad_0@live.com', 'Sector G/10 House#21 st#10', 'Islamabad', 'Dolat gait Gali# 1 House# 10', 5, 1, 'Multan', 4, 5, 8),
(21, 'Imran hunzai', 'Khalid Saeed', '3520294594641', '21.png', '12/29/1990', '01/08/2009', 'Islam', 'FA11-BCS-001', NULL, '1', '1', '0514434890', '03335367073', 'arslan_khalid@hotmail.com', 'House#1234, Street#12, Sector I-10/2', 'Islamabad', 'House#1234, Street#12, Sector I-10/2', 4, 1, 'Multan', 5, 1, 9),
(22, 'Rana Javaid', 'Muhammad Ahmad', '3520294594642', '22.png', '01/01/1991', '01/08/2009', 'Islam', 'FA11-BCS-002', NULL, '2', '1', '0614439481', '03125250556', 'irffan007@yahoo.com', 'Jinah Town, Jail Road', 'Multan', NULL, 4, 1, NULL, 5, 2, 9),
(23, 'Mushtak', 'Khursheed khan', '3520294594643', '23.png', '08/01/1989', '01/08/2009', 'Islam', 'FA11-BCS-003', NULL, '3', '1', '0414435872', '03135400271', 'ahsan.sharif007@gmail.com', 'House#145, Street#11, chock moora', 'Lahore', 'House#1234, Street#12, Sector I-10/2', 4, 1, 'Multan', 5, 3, 10),
(24, 'Mumtaz', 'Hassan Usman', '3520294594644', '24.png', '12/05/1990', '01/08/2009', 'Islam', 'FA11-BCS-004', NULL, '4', '1', '0615781890', '03325465573', 'bilal_ahmad_0@hotmail.com', 'House#556, Street#20, gul gasht', 'Multan', NULL, 4, 1, NULL, 5, 4, 10),
(25, 'Sajid Shafi', 'Omer Usman', '3520294594645', '25.png', '04/02/1989', '01/08/2009', 'Islam', 'FA11-BCS-005', NULL, '5', '1', '0515778950', '03335367073', 'ahsan.sharif007@hotmail.com', 'Mubarak Town Gali# 1 House# 10', 'Islamabad', 'Dolat gait Gali# 1 House# 10', 4, 1, 'Multan', 5, 5, 10),
(26, 'Fareed Khokher', 'Abo-bakkr', '3520294594646', '26.png', '06/29/1991', '01/01/2010', 'Islam', 'SP12-BCS-001', NULL, '1', '1', '0514511861', '03335367073', 'arslan_khalid@hotmail.com', 'House#20, Street#21, Sector H11/2', 'Islamabad', 'Jinah bzar bakar road house#11', 3, 1, 'Multan', 6, 1, 11),
(27, 'Ammar Hassan', 'Mohammad Ali', '3520294594647', '27.png', '07/01/1991', '01/01/2010', 'Islam', 'SP12-BCS-002', NULL, '2', '1', '0614351872', '03236233870', 'bilal_ahmad_0@live.com', 'sooraj miani gali# 10 house#210', 'Multan', NULL, 3, 1, NULL, 6, 2, 11),
(28, 'Mohsin Naqvi', 'Muhammad Ahmad', '3520294594648', '28.png', '12/01/1990', '01/01/2010', 'Islam', 'SP12-BCS-003', NULL, '3', '1', '0411675165', '03125250556', 'irffan007@yahoo.com', 'chandni chwok gali#20 mkan#20', 'Lahore', 'House#1234, Street#12, Sector I-10/2', 3, 1, 'Multan', 6, 3, 11),
(29, 'Noman', 'Nazir', '3520294594649', '29.png', '12/05/1990', '01/01/2010', 'Islam', 'SP12-BCS-004', NULL, '4', '1', '0611138792', '03236233870', 'bilal_ahmad_0@hotmail.com', 'vehari chowk U section house#70', 'Multan', NULL, 3, 1, NULL, 6, 4, 12),
(30, 'Naeem', 'Ahsan Sharif', '3520294594650', '30.png', '04/02/1991', '01/01/2010', 'Islam', 'SP12-BCS-005', NULL, '5', '1', '0515979651', '03335367073', 'ahsan.sharif007@gmail.com', 'Sector G/10 House#21 st#10', 'Islamabad', 'Dolat gait Gali# 1 House# 10', 3, 1, 'Multan', 6, 5, 12),
(31, 'Waqar', 'Waqaas', '3520294594651', '31.png', '12/29/1991', '01/08/2010', 'Islam', 'FA12-BCS-001', NULL, '1', '1', '0514434890', '03455553014', 'ahsan.sharif007@gmail.com', 'House#1234, Street#12, Sector I-10/2', 'Islamabad', 'House#1234, Street#12, Sector I-10/2', 2, 1, 'Multan', 7, 1, 13),
(32, 'Talha', 'Naaveed Ali', '3520294594652', '32.png', '10/05/1991', '01/08/2010', 'Islam', 'FA12-BCS-002', NULL, '2', '1', '0614439481', '03236233870', 'bilal_ahmad_0@live.com', 'Jinah Town, Jail Road', 'Multan', NULL, 2, 1, NULL, 7, 2, 13),
(33, 'Ayaan', 'Khuram', '3520294594653', '33.png', '08/01/1991', '01/08/2010', 'Islam', 'FA12-BCS-003', NULL, '3', '1', '0414435872', '03335367073', 'arslan_khalid@hotmail.com', 'House#145, Street#11, chock moora', 'Lahore', 'House#1234, Street#12, Sector I-10/2', 2, 1, 'Multan', 7, 3, 14),
(34, 'Farookh', 'Malik Riaaz', '3520294594654', '34.png', '12/20/1990', '01/08/2010', 'Islam', 'FA12-BCS-004', NULL, '4', '1', '0615781890', '03236233870', 'bilal_ahmad_0@hotmail.com', 'House#556, Street#20, gul gasht', 'Multan', NULL, 2, 1, NULL, 7, 4, 14),
(35, 'Zeeshan', 'Farooq', '3520294594655', '35.png', '12/29/1990', '01/08/2010', 'Islam', 'FA12-BCS-005', NULL, '5', '1', '0515778950', '03455553014', 'ahsan.sharif007@yahoo.com', 'Mubarak Town Gali# 1 House# 10', 'Islamabad', 'Dolat gait Gali# 1 House# 10', 2, 1, 'Multan', 7, 5, 14),
(36, 'Javeed Khan', 'Abo-bakkr', '3520294594656', '36.png', '06/29/1991', '01/01/2010', 'Islam', 'SP13-BCS-001', NULL, '1', '1', '0514511861', '03455553014', 'ahsan.sharif007@gmail.com', 'House#20, Street#21, Sector H11/2', 'Islamabad', 'Jinah bzar bakar road house#11', 1, 1, 'Multan', 8, 1, 15),
(37, 'Amjad Javeed', 'Mohammad Ali', '3520294594657', '37.png', '07/01/1991', '01/01/2010', 'Islam', 'SP13-BCS-002', NULL, '2', '1', '0614351872', '03125250556', 'irffan007@yahoo.com', 'sooraj miani gali# 10 house#210', 'Multan', NULL, 1, 1, NULL, 8, 2, 15),
(38, 'Wahaab', 'Muhammad Ahmad', '3520294594658', '38.png', '12/01/1990', '01/01/2010', 'Islam', 'SP13-BCS-003', NULL, '3', '1', '0411675165', '03335367073', 'ahsan.sharif007@hotmail.com', 'chandni chwok gali#20 mkan#20', 'Lahore', 'House#1234, Street#12, Sector I-10/2', 1, 1, 'Multan', 8, 3, 15),
(39, 'Meesam', 'Nazir', '3520294594659', '39.png', '12/05/1990', '01/01/2010', 'Islam', 'SP13-BCS-004', NULL, '4', '1', '0611138792', '03236233870', 'bilal_ahmad_0@hotmail.com', 'vehari chowk U section house#70', 'Multan', NULL, 1, 1, NULL, 8, 4, 16),
(40, 'Hashir', 'Ahsan Sharif', '3520294594660', '40.png', '04/02/1991', '01/01/2010', 'Islam', 'SP13-BCS-005', NULL, '5', '1', '0515979651', '03335367073', 'bilal_ahmad_0@live.com', 'Sector G/10 House#21 st#10', 'Islamabad', 'Dolat gait Gali# 1 House# 10', 1, 1, 'Multan', 8, 5, 16);

-- --------------------------------------------------------

--
-- Table structure for table `studentfolder`
--

CREATE TABLE IF NOT EXISTS `studentfolder` (
  `FolderID` smallint(6) NOT NULL,
  `SSC` varchar(30) NOT NULL,
  `HSSC` varchar(30) NOT NULL,
  `GC` varchar(30) DEFAULT NULL,
  `PGC` varchar(30) DEFAULT NULL,
  PRIMARY KEY (`FolderID`)
) ENGINE=InnoDB DEFAULT CHARSET=latin1;

--
-- Dumping data for table `studentfolder`
--

INSERT INTO `studentfolder` (`FolderID`, `SSC`, `HSSC`, `GC`, `PGC`) VALUES
(1, 'a.jpg', 'b.jpg', NULL, NULL);

-- --------------------------------------------------------

--
-- Table structure for table `subject`
--

CREATE TABLE IF NOT EXISTS `subject` (
  `SubjectID` smallint(6) NOT NULL AUTO_INCREMENT,
  `Name` varchar(50) NOT NULL,
  `Code` varchar(10) NOT NULL,
  `Description` varchar(250) NOT NULL,
  `CreditHours` int(11) NOT NULL,
  `Lab` varchar(1) NOT NULL,
  `DepartmentID` smallint(6) NOT NULL,
  PRIMARY KEY (`SubjectID`),
  KEY `DepartmentID` (`DepartmentID`)
) ENGINE=InnoDB  DEFAULT CHARSET=latin1 AUTO_INCREMENT=42 ;

--
-- Dumping data for table `subject`
--

INSERT INTO `subject` (`SubjectID`, `Name`, `Code`, `Description`, `CreditHours`, `Lab`, `DepartmentID`) VALUES
(1, 'Introduction to Computer Programming', 'CSC103', 'This course introduces the basics of computer hardware and software. Purpose of this course is to make the students familiar with the computer and enable the student to develop simple computer programs.', 4, '1', 4),
(2, 'Discrete Structure', 'CSC102', 'To give the basic introduction of Computer oriented Mathematics to the students of computer sciences.', 3, '0', 4),
(3, 'Computer Communication and Networks', 'CSC339', 'The course will cover computer networks in a top down manner starting from the application layer to data link layer. The course will be taught in the Internet perspective and will therefore cover the layers of the TCP/IP suite.', 3, '0', 4),
(4, 'System Programming', 'CSC421', 'sp is a great course', 3, '0', 4),
(5, 'Islamic Studies', 'HUM110', 'The topics included are beliefs and actions: Islam and other world religions, basic sources of teaching, obligations towards God, self and others, and Islamic teachings of collectivism.', 3, '0', 7),
(6, 'English Comprehension and Composition', 'HUM100', 'The course will help students in developing the competencies to understand English and express themselves effectively in the same language both in writing and speaking.', 3, '0', 7),
(7, 'Electric Circuit Analysis I', 'EEE121', 'This is the very first undergraduate course which is aimed to build an understanding of the concepts and ideas explicitly involved in the introductory electric circuit theory.', 4, '1', 5),
(8, 'Calculus and Analytic Geometry', 'MTH104', 'At the end of this course the students will be able to manipulate, differentiate, and integrate exponential functions, logarithmic functions, inverse trigonometric functions.', 3, '0', 8),
(9, 'Introduction to Management', 'MGT101', 'Objective of the course is to give the students an understanding of the complexity of organizations and management.', 3, '0', 6),
(10, 'Pakistan Studies', 'HUM111', 'The course seeks to provide an appreciation and understanding of the cultural, historical and socio-political heritage of Pakistan.', 3, '0', 7),
(11, 'Electronics', 'EEE231', 'This is a fundamental level course in electronic devices and circuit theory. The main objective of this course is to make students understand the construction, operation and modeling.', 4, '1', 5),
(12, 'Multivariable Calculus', 'MTH105', 'At the end of this course the students will be able to understand the graphs, their behaviors, the limits, differentiation and integration of the functions of more then one independent variable.', 3, '0', 6),
(13, 'Report Writing Skills', 'HUM102', 'This course has been specifically designed to meet the writing needs of students aiming for a specialization in areas of Management.', 3, '0', 7),
(14, 'Object Oriented Programming', 'CSC241', 'To develop familiarity with Object Oriented Concepts, Classes and their usability in languages and to let them implement those concepts in the lab keeping in mind the real-world problems.', 4, '1', 4),
(15, 'Communication Skills', 'HUM103', 'This course is designed to develop students reading, writing, listening and speaking skills at an advanced level through language experience, free writing, drafting, peer response, revising and editing.', 3, '0', 7),
(16, 'Database Systems', 'CSC271', 'To develop understanding of all the concepts of Database Modeling & Development. To construct and model real world Database system using Oracle, SQL and Developer.', 4, '1', 4),
(17, 'Digital Logic Design', 'EEE241', 'This is a basic course which concentrates on the basic methods of digital hardware designing. The students will learn different techniques to design simple to moderate level hardware.', 4, '1', 5),
(18, 'Differential Equation', 'MTH242', 'At the end of this course the students will be able to apply ordinary differential equations to his respective branch of engineering. To illuminate the partial significance of differential equations.', 3, '0', 8),
(19, 'Data Structures', 'CSC211', 'The course is designed to teach students structures and schemes, which allow them to write programs to efficiently manipulate, store, and retrieve data.', 4, '1', 4),
(20, 'Software Engineering I', 'CSC291', 'The main objective of this course is to construct a solid foundation for understanding and application of principles, techniques and technologies utilized in the development.', 3, '0', 4),
(21, 'Computer Organization and Assembly Language', 'CSC221', 'To introduce the organization of computer systems and usage of Assembly Language for optimization and control. Emphases should be given to expose the low level logic.', 4, '1', 4),
(22, 'Statistics and Probability Theory', 'MTH262', 'At the end of this course the students of Computer Sciences and Bio Informatics will be able to understand data analysis, modeling and predictions in their respective fields.', 3, '0', 8),
(23, 'Linear Algebra', 'MTH231', 'At the end of this course the students will be able to setup and seek the solutions of several equations in several. Unlike other courses of its level, linear algebra embodies a circle of theoretical ideas.', 3, '0', 8),
(24, 'Design and Analysis of Algorithms', 'CSC201', 'Detailed study of the basic notions of the design of algorithms and the underlying data structures. Several measures of complexity are introduced. Emphasis on the structure, complexity, and efficiency of algorithms.', 3, '0', 4),
(25, 'Computer Graphics', 'CSC253', 'To develop good concepts of computer drawing Graphics techniques with knowledge of OpenGL.', 3, '1', 4),
(26, 'Operating System Concepts', 'CSC322', 'In this course students will be taught the fundamentals of operating systems. Different models of operating systems will be introduced.', 3, '0', 4),
(27, 'Software Engineering II', 'CSC392', 'The course will focus on more theoretical and advanced aspects of software engineering.', 3, '0', 4),
(28, 'Computer Architecture', 'CSC440', 'Understand what computer architecture is, including main components of a computer system such as processor, memory, Input/Output (I/O) and how these subsystems interact with each other to form a computational system.', 3, '0', 4),
(29, 'Artificial Intelligence', 'CSC462', 'Artificial Intelligence is a great course.', 3, '1', 4),
(30, 'Web Engineering', 'CSC336', 'Web Engineering is a great course.', 4, '1', 4),
(31, 'Automata Theory', 'CSC312', 'Automata Theory is a great course.', 3, '0', 4),
(32, 'Financial Accounting', 'MGT131', 'Financial Accounting is a great Course', 3, '0', 6),
(33, 'Numerical Computations', 'MTH375', 'Numerical Computation is a great course.', 3, '0', 8),
(34, 'Computer Vision', 'CSC455', 'Computer Vision is a great course.', 3, '0', 4),
(35, 'Compiler Construction', 'CSC441', 'Compiler Construction is a great course.', 4, '1', 4),
(36, 'Human Computer Interaction', 'CSC456', 'Human Computer Interaction is a great course.', 3, '0', 4),
(37, 'Visual Programming', 'CSC444', 'Visual Programming is a great course.', 3, '0', 4),
(39, 'Introduction to Psychology', 'HUM220', 'Introduction to Psychology is a great course.', 3, '0', 7),
(40, 'Entrepreneurship', 'MGT403', 'Entrepreneurship is a great course.', 3, '0', 6),
(41, 'Project II', 'CSC449', 'Implementation of the the Final Year Project and Document Submission.', 6, '1', 4);

-- --------------------------------------------------------

--
-- Table structure for table `subjectofinterest`
--

CREATE TABLE IF NOT EXISTS `subjectofinterest` (
  `SubjectID` smallint(6) NOT NULL,
  `TeacherID` smallint(6) NOT NULL,
  PRIMARY KEY (`SubjectID`,`TeacherID`),
  KEY `FK_SubjectOfInterest_Teacher` (`TeacherID`)
) ENGINE=InnoDB DEFAULT CHARSET=latin1;

--
-- Dumping data for table `subjectofinterest`
--

INSERT INTO `subjectofinterest` (`SubjectID`, `TeacherID`) VALUES
(1, 1),
(21, 1),
(24, 1),
(36, 1);

-- --------------------------------------------------------

--
-- Table structure for table `subjectstudied`
--

CREATE TABLE IF NOT EXISTS `subjectstudied` (
  `StudentID` smallint(6) NOT NULL,
  `SubjectID` smallint(6) NOT NULL,
  `Marks` tinyint(3) NOT NULL,
  `GPA` float NOT NULL,
  PRIMARY KEY (`StudentID`,`SubjectID`),
  KEY `FK_SubjectStudied_Subject` (`SubjectID`)
) ENGINE=InnoDB DEFAULT CHARSET=latin1;

--
-- Dumping data for table `subjectstudied`
--

INSERT INTO `subjectstudied` (`StudentID`, `SubjectID`, `Marks`, `GPA`) VALUES
(1, 1, 85, 3.7),
(1, 2, 91, 4),
(1, 3, 84, 3.3),
(1, 4, 81, 3.3),
(1, 5, 68, 2.3),
(1, 6, 52, 1.3),
(1, 7, 53, 1.3),
(1, 8, 55, 1.7),
(1, 9, 56, 1.7),
(1, 10, 84, 3.3),
(1, 11, 88, 3.7),
(1, 12, 86, 3.7),
(1, 13, 56, 1.7),
(1, 14, 85, 3.7),
(1, 15, 74, 2.7),
(1, 16, 53, 1.3),
(1, 17, 87, 3.7),
(1, 18, 80, 3.3),
(1, 19, 51, 1.3),
(1, 20, 92, 4),
(1, 21, 65, 2.3),
(1, 22, 77, 3),
(1, 23, 75, 3),
(1, 24, 86, 3.7),
(1, 25, 51, 1.3),
(1, 26, 94, 4),
(1, 27, 69, 2.3),
(1, 28, 52, 1.3),
(1, 29, 89, 3.7),
(1, 30, 56, 1.7),
(1, 31, 87, 3.7),
(1, 32, 63, 2),
(1, 33, 87, 3.7),
(1, 34, 77, 3),
(1, 35, 80, 3.3),
(1, 36, 87, 3.7),
(1, 37, 51, 1.3),
(2, 1, 77, 3),
(2, 2, 93, 4),
(2, 3, 72, 2.7),
(2, 4, 75, 3),
(2, 5, 77, 3),
(2, 6, 89, 3.7),
(2, 7, 68, 2.3),
(2, 8, 83, 3.3),
(2, 9, 79, 3),
(2, 10, 87, 3.7),
(2, 11, 72, 2.7),
(2, 12, 78, 3),
(2, 13, 88, 3.7),
(2, 14, 70, 2.7),
(2, 15, 93, 4),
(2, 16, 71, 2.7),
(2, 17, 51, 1.3),
(2, 18, 85, 3.7),
(2, 19, 60, 2),
(2, 20, 52, 1.3),
(2, 21, 85, 3.7),
(2, 22, 80, 3.3),
(2, 23, 55, 1.7),
(2, 24, 92, 4),
(2, 25, 68, 2.3),
(2, 26, 84, 3.3),
(2, 27, 55, 1.7),
(2, 28, 55, 1.7),
(2, 29, 75, 3),
(2, 30, 79, 3),
(2, 31, 86, 3.7),
(2, 32, 92, 4),
(2, 33, 80, 3.3),
(2, 34, 68, 2.3),
(2, 35, 87, 3.7),
(2, 36, 64, 2),
(2, 37, 60, 2),
(3, 1, 85, 3.7),
(3, 2, 67, 2.3),
(3, 3, 86, 3.7),
(3, 4, 88, 3.7),
(3, 5, 56, 1.7),
(3, 6, 82, 3.3),
(3, 7, 69, 2.3),
(3, 8, 94, 4),
(3, 9, 57, 1.7),
(3, 10, 71, 2.7),
(3, 11, 58, 1.7),
(3, 12, 58, 1.7),
(3, 13, 81, 3.3),
(3, 14, 61, 2),
(3, 15, 94, 4),
(3, 16, 67, 2.3),
(3, 17, 66, 2.3),
(3, 18, 91, 4),
(3, 19, 89, 3.7),
(3, 20, 84, 3.3),
(3, 21, 81, 3.3),
(3, 22, 50, 1.3),
(3, 23, 90, 4),
(3, 24, 65, 2.3),
(3, 25, 88, 3.7),
(3, 26, 51, 1.3),
(3, 27, 59, 1.7),
(3, 28, 68, 2.3),
(3, 29, 75, 3),
(3, 30, 77, 3),
(3, 31, 51, 1.3),
(3, 32, 82, 3.3),
(3, 33, 87, 3.7),
(3, 34, 86, 3.7),
(3, 35, 61, 2),
(3, 36, 88, 3.7),
(3, 37, 82, 3.3),
(4, 1, 79, 3),
(4, 2, 87, 3.7),
(4, 3, 65, 2.3),
(4, 4, 60, 2),
(4, 5, 64, 2),
(4, 6, 91, 4),
(4, 7, 87, 3.7),
(4, 8, 51, 1.3),
(4, 9, 57, 1.7),
(4, 10, 68, 2.3),
(4, 11, 74, 2.7),
(4, 12, 83, 3.3),
(4, 13, 63, 2),
(4, 14, 64, 2),
(4, 15, 69, 2.3),
(4, 16, 63, 2),
(4, 17, 59, 1.7),
(4, 18, 85, 3.7),
(4, 19, 54, 1.3),
(4, 20, 52, 1.3),
(4, 21, 86, 3.7),
(4, 22, 64, 2),
(4, 23, 70, 2.7),
(4, 24, 69, 2.3),
(4, 25, 58, 1.7),
(4, 26, 61, 2),
(4, 27, 57, 1.7),
(4, 28, 51, 1.3),
(4, 29, 71, 2.7),
(4, 30, 86, 3.7),
(4, 31, 68, 2.3),
(4, 32, 90, 4),
(4, 33, 74, 2.7),
(4, 34, 52, 1.3),
(4, 35, 90, 4),
(4, 36, 61, 2),
(4, 37, 79, 3),
(5, 1, 82, 3.3),
(5, 2, 90, 4),
(5, 3, 77, 3),
(5, 4, 72, 2.7),
(5, 5, 80, 3.3),
(5, 6, 58, 1.7),
(5, 7, 70, 2.7),
(5, 8, 93, 4),
(5, 9, 72, 2.7),
(5, 10, 62, 2),
(5, 11, 81, 3.3),
(5, 12, 80, 3.3),
(5, 13, 66, 2.3),
(5, 14, 84, 3.3),
(5, 15, 72, 2.7),
(5, 16, 80, 3.3),
(5, 17, 59, 1.7),
(5, 18, 91, 4),
(5, 19, 51, 1.3),
(5, 20, 67, 2.3),
(5, 21, 58, 1.7),
(5, 22, 59, 1.7),
(5, 23, 69, 2.3),
(5, 24, 50, 1.3),
(5, 25, 65, 2.3),
(5, 26, 74, 2.7),
(5, 27, 80, 3.3),
(5, 28, 75, 3),
(5, 29, 89, 3.7),
(5, 30, 51, 1.3),
(5, 31, 75, 3),
(5, 32, 87, 3.7),
(5, 33, 80, 3.3),
(5, 34, 63, 2),
(5, 35, 83, 3.3),
(5, 36, 71, 2.7),
(5, 37, 67, 2.3),
(6, 1, 79, 3),
(6, 2, 87, 3.7),
(6, 3, 90, 4),
(6, 5, 83, 3.3),
(6, 6, 54, 1.3),
(6, 7, 64, 2),
(6, 8, 55, 1.7),
(6, 9, 88, 3.7),
(6, 10, 86, 3.7),
(6, 11, 53, 1.3),
(6, 12, 83, 3.3),
(6, 13, 87, 3.7),
(6, 14, 71, 2.7),
(6, 15, 92, 4),
(6, 16, 52, 1.3),
(6, 17, 90, 4),
(6, 18, 92, 4),
(6, 19, 79, 3),
(6, 20, 61, 2),
(6, 21, 72, 2.7),
(6, 22, 65, 2.3),
(6, 23, 87, 3.7),
(6, 24, 73, 2.7),
(6, 25, 79, 3),
(6, 26, 59, 1.7),
(6, 27, 58, 1.7),
(6, 28, 57, 1.7),
(6, 30, 54, 1.3),
(6, 31, 92, 4),
(6, 32, 78, 3),
(6, 33, 71, 2.7),
(6, 34, 76, 3),
(7, 1, 67, 2.3),
(7, 2, 64, 2),
(7, 3, 77, 3),
(7, 5, 75, 3),
(7, 6, 91, 4),
(7, 7, 72, 2.7),
(7, 8, 68, 2.3),
(7, 9, 83, 3.3),
(7, 10, 71, 2.7),
(7, 11, 72, 2.7),
(7, 12, 57, 1.7),
(7, 13, 92, 4),
(7, 14, 69, 2.3),
(7, 15, 59, 1.7),
(7, 16, 88, 3.7),
(7, 17, 66, 2.3),
(7, 18, 88, 3.7),
(7, 19, 55, 1.7),
(7, 20, 89, 3.7),
(7, 21, 59, 1.7),
(7, 22, 92, 4),
(7, 23, 67, 2.3),
(7, 24, 54, 1.3),
(7, 25, 77, 3),
(7, 26, 63, 2),
(7, 27, 84, 3.3),
(7, 28, 81, 3.3),
(7, 30, 61, 2),
(7, 31, 68, 2.3),
(7, 32, 57, 1.7),
(7, 33, 87, 3.7),
(7, 34, 85, 3.7),
(8, 1, 82, 3.3),
(8, 2, 78, 3),
(8, 3, 81, 3.3),
(8, 5, 84, 3.3),
(8, 6, 63, 2),
(8, 7, 56, 1.7),
(8, 8, 73, 2.7),
(8, 9, 77, 3),
(8, 10, 50, 1.3),
(8, 11, 84, 3.3),
(8, 12, 76, 3),
(8, 13, 70, 2.7),
(8, 14, 93, 4),
(8, 15, 69, 2.3),
(8, 16, 87, 3.7),
(8, 17, 87, 3.7),
(8, 18, 74, 2.7),
(8, 19, 81, 3.3),
(8, 20, 51, 1.3),
(8, 21, 72, 2.7),
(8, 22, 54, 1.3),
(8, 23, 56, 1.7),
(8, 24, 54, 1.3),
(8, 25, 69, 2.3),
(8, 26, 88, 3.7),
(8, 27, 67, 2.3),
(8, 28, 81, 3.3),
(8, 30, 61, 2),
(8, 31, 75, 3),
(8, 32, 74, 2.7),
(8, 33, 51, 1.3),
(8, 34, 63, 2),
(9, 1, 63, 2),
(9, 2, 86, 3.7),
(9, 3, 54, 1.3),
(9, 5, 65, 2.3),
(9, 6, 69, 2.3),
(9, 7, 86, 3.7),
(9, 8, 92, 4),
(9, 9, 52, 1.3),
(9, 10, 81, 3.3),
(9, 11, 78, 3),
(9, 12, 62, 2),
(9, 13, 79, 3),
(9, 14, 53, 1.3),
(9, 15, 54, 1.3),
(9, 16, 72, 2.7),
(9, 17, 78, 3),
(9, 18, 85, 3.7),
(9, 19, 73, 2.7),
(9, 20, 55, 1.7),
(9, 21, 89, 3.7),
(9, 22, 79, 3),
(9, 23, 59, 1.7),
(9, 24, 76, 3),
(9, 25, 52, 1.3),
(9, 26, 93, 4),
(9, 27, 85, 3.7),
(9, 28, 64, 2),
(9, 30, 73, 2.7),
(9, 31, 64, 2),
(9, 32, 66, 2.3),
(9, 33, 86, 3.7),
(9, 34, 77, 3),
(10, 1, 81, 3.3),
(10, 2, 65, 2.3),
(10, 3, 52, 1.3),
(10, 5, 61, 2),
(10, 6, 68, 2.3),
(10, 7, 78, 3),
(10, 8, 64, 2),
(10, 9, 60, 2),
(10, 10, 93, 4),
(10, 11, 72, 2.7),
(10, 12, 50, 1.3),
(10, 13, 51, 1.3),
(10, 14, 77, 3),
(10, 15, 72, 2.7),
(10, 16, 80, 3.3),
(10, 17, 67, 2.3),
(10, 18, 50, 1.3),
(10, 19, 85, 3.7),
(10, 20, 62, 2),
(10, 21, 79, 3),
(10, 22, 50, 1.3),
(10, 23, 88, 3.7),
(10, 24, 83, 3.3),
(10, 25, 87, 3.7),
(10, 26, 73, 2.7),
(10, 27, 67, 2.3),
(10, 28, 66, 2.3),
(10, 30, 87, 3.7),
(10, 31, 83, 3.3),
(10, 32, 58, 1.7),
(10, 33, 70, 2.7),
(10, 34, 70, 2.7),
(11, 1, 64, 2),
(11, 2, 76, 3),
(11, 3, 63, 2),
(11, 5, 52, 1.3),
(11, 6, 60, 2),
(11, 7, 66, 2.3),
(11, 8, 87, 3.7),
(11, 9, 94, 4),
(11, 10, 72, 2.7),
(11, 11, 71, 2.7),
(11, 12, 50, 1.3),
(11, 13, 82, 3.3),
(11, 14, 63, 2),
(11, 15, 70, 2.7),
(11, 16, 78, 3),
(11, 17, 53, 1.3),
(11, 18, 84, 3.3),
(11, 19, 61, 2),
(11, 20, 78, 3),
(11, 21, 50, 1.3),
(11, 22, 56, 1.7),
(11, 23, 58, 1.7),
(11, 24, 84, 3.3),
(11, 25, 53, 1.3),
(11, 26, 69, 2.3),
(11, 27, 51, 1.3),
(11, 28, 77, 3),
(12, 1, 50, 1.3),
(12, 2, 66, 2.3),
(12, 3, 67, 2.3),
(12, 5, 89, 3.7),
(12, 6, 65, 2.3),
(12, 7, 55, 1.7),
(12, 8, 58, 1.7),
(12, 9, 67, 2.3),
(12, 10, 75, 3),
(12, 11, 60, 2),
(12, 12, 65, 2.3),
(12, 13, 56, 1.7),
(12, 14, 83, 3.3),
(12, 15, 87, 3.7),
(12, 16, 56, 1.7),
(12, 17, 70, 2.7),
(12, 18, 56, 1.7),
(12, 19, 77, 3),
(12, 20, 53, 1.3),
(12, 21, 59, 1.7),
(12, 22, 66, 2.3),
(12, 23, 65, 2.3),
(12, 24, 87, 3.7),
(12, 25, 71, 2.7),
(12, 26, 51, 1.3),
(12, 27, 56, 1.7),
(12, 28, 84, 3.3),
(13, 1, 54, 1.3),
(13, 2, 51, 1.3),
(13, 3, 77, 3),
(13, 5, 75, 3),
(13, 6, 85, 3.7),
(13, 7, 81, 3.3),
(13, 8, 76, 3),
(13, 9, 79, 3),
(13, 10, 82, 3.3),
(13, 11, 88, 3.7),
(13, 12, 69, 2.3),
(13, 13, 53, 1.3),
(13, 14, 68, 2.3),
(13, 15, 79, 3),
(13, 16, 69, 2.3),
(13, 17, 74, 2.7),
(13, 18, 67, 2.3),
(13, 19, 61, 2),
(13, 20, 81, 3.3),
(13, 21, 87, 3.7),
(13, 22, 68, 2.3),
(13, 23, 63, 2),
(13, 24, 91, 4),
(13, 25, 79, 3),
(13, 26, 61, 2),
(13, 27, 69, 2.3),
(13, 28, 52, 1.3),
(14, 1, 83, 3.3),
(14, 2, 63, 2),
(14, 3, 76, 3),
(14, 5, 70, 2.7),
(14, 6, 58, 1.7),
(14, 7, 73, 2.7),
(14, 8, 74, 2.7),
(14, 9, 84, 3.3),
(14, 10, 61, 2),
(14, 11, 66, 2.3),
(14, 12, 93, 4),
(14, 13, 62, 2),
(14, 14, 53, 1.3),
(14, 15, 87, 3.7),
(14, 16, 81, 3.3),
(14, 17, 56, 1.7),
(14, 18, 60, 2),
(14, 19, 65, 2.3),
(14, 20, 75, 3),
(14, 21, 85, 3.7),
(14, 22, 83, 3.3),
(14, 23, 87, 3.7),
(14, 24, 71, 2.7),
(14, 25, 60, 2),
(14, 26, 84, 3.3),
(14, 27, 72, 2.7),
(14, 28, 88, 3.7),
(15, 1, 69, 2.3),
(15, 2, 80, 3.3),
(15, 3, 56, 1.7),
(15, 5, 84, 3.3),
(15, 6, 62, 2),
(15, 7, 71, 2.7),
(15, 8, 73, 2.7),
(15, 9, 83, 3.3),
(15, 10, 51, 1.3),
(15, 11, 63, 2),
(15, 12, 70, 2.7),
(15, 13, 65, 2.3),
(15, 14, 74, 2.7),
(15, 15, 86, 3.7),
(15, 16, 63, 2),
(15, 17, 87, 3.7),
(15, 18, 89, 3.7),
(15, 19, 56, 1.7),
(15, 20, 73, 2.7),
(15, 21, 51, 1.3),
(15, 22, 66, 2.3),
(15, 23, 89, 3.7),
(15, 24, 77, 3),
(15, 25, 78, 3),
(15, 26, 70, 2.7),
(15, 27, 77, 3),
(15, 28, 59, 1.7),
(16, 1, 80, 3.3),
(16, 2, 86, 3.7),
(16, 5, 67, 2.3),
(16, 6, 82, 3.3),
(16, 7, 74, 2.7),
(16, 8, 86, 3.7),
(16, 9, 72, 2.7),
(16, 10, 63, 2),
(16, 11, 50, 1.3),
(16, 12, 75, 3),
(16, 13, 94, 4),
(16, 14, 51, 1.3),
(16, 15, 89, 3.7),
(16, 16, 70, 2.7),
(16, 17, 66, 2.3),
(16, 18, 69, 2.3),
(16, 19, 61, 2),
(16, 20, 80, 3.3),
(16, 21, 61, 2),
(16, 22, 56, 1.7),
(16, 23, 86, 3.7),
(16, 24, 85, 3.7),
(17, 1, 58, 1.7),
(17, 2, 60, 2),
(17, 5, 58, 1.7),
(17, 6, 80, 3.3),
(17, 7, 85, 3.7),
(17, 8, 64, 2),
(17, 9, 63, 2),
(17, 10, 92, 4),
(17, 11, 73, 2.7),
(17, 12, 91, 4),
(17, 13, 65, 2.3),
(17, 14, 60, 2),
(17, 15, 70, 2.7),
(17, 16, 57, 1.7),
(17, 17, 82, 3.3),
(17, 18, 62, 2),
(17, 19, 70, 2.7),
(17, 20, 83, 3.3),
(17, 21, 88, 3.7),
(17, 22, 70, 2.7),
(17, 23, 84, 3.3),
(17, 24, 82, 3.3),
(18, 1, 90, 4),
(18, 2, 63, 2),
(18, 5, 56, 1.7),
(18, 6, 56, 1.7),
(18, 7, 57, 1.7),
(18, 8, 86, 3.7),
(18, 9, 68, 2.3),
(18, 10, 77, 3),
(18, 11, 58, 1.7),
(18, 12, 72, 2.7),
(18, 13, 85, 3.7),
(18, 14, 89, 3.7),
(18, 15, 62, 2),
(18, 16, 55, 1.7),
(18, 17, 57, 1.7),
(18, 18, 73, 2.7),
(18, 19, 53, 1.3),
(18, 20, 81, 3.3),
(18, 21, 70, 2.7),
(18, 22, 68, 2.3),
(18, 23, 91, 4),
(18, 24, 91, 4),
(19, 1, 75, 3),
(19, 2, 72, 2.7),
(19, 5, 79, 3),
(19, 6, 59, 1.7),
(19, 7, 51, 1.3),
(19, 8, 67, 2.3),
(19, 9, 52, 1.3),
(19, 10, 57, 1.7),
(19, 11, 85, 3.7),
(19, 12, 67, 2.3),
(19, 13, 63, 2),
(19, 14, 92, 4),
(19, 15, 75, 3),
(19, 16, 55, 1.7),
(19, 17, 65, 2.3),
(19, 18, 89, 3.7),
(19, 19, 82, 3.3),
(19, 20, 74, 2.7),
(19, 21, 66, 2.3),
(19, 22, 73, 2.7),
(19, 23, 68, 2.3),
(19, 24, 79, 3),
(20, 1, 79, 3),
(20, 2, 56, 1.7),
(20, 5, 76, 3),
(20, 6, 57, 1.7),
(20, 7, 83, 3.3),
(20, 8, 62, 2),
(20, 9, 78, 3),
(20, 10, 59, 1.7),
(20, 11, 74, 2.7),
(20, 12, 82, 3.3),
(20, 13, 88, 3.7),
(20, 14, 84, 3.3),
(20, 15, 84, 3.3),
(20, 16, 61, 2),
(20, 17, 86, 3.7),
(20, 18, 62, 2),
(20, 19, 69, 2.3),
(20, 20, 77, 3),
(20, 21, 79, 3),
(20, 22, 83, 3.3),
(20, 23, 74, 2.7),
(20, 24, 60, 2),
(21, 1, 62, 2),
(21, 2, 59, 1.7),
(21, 5, 87, 3.7),
(21, 6, 93, 4),
(21, 7, 80, 3.3),
(21, 8, 62, 2),
(21, 9, 51, 1.3),
(21, 10, 93, 4),
(21, 11, 79, 3),
(21, 12, 76, 3),
(21, 13, 92, 4),
(21, 14, 91, 4),
(21, 15, 86, 3.7),
(21, 16, 68, 2.3),
(21, 17, 84, 3.3),
(21, 18, 56, 1.7),
(21, 19, 81, 3.3),
(22, 1, 58, 1.7),
(22, 2, 68, 2.3),
(22, 5, 51, 1.3),
(22, 6, 88, 3.7),
(22, 7, 76, 3),
(22, 8, 56, 1.7),
(22, 9, 77, 3),
(22, 10, 72, 2.7),
(22, 11, 94, 4),
(22, 12, 61, 2),
(22, 13, 75, 3),
(22, 14, 50, 1.3),
(22, 15, 62, 2),
(22, 16, 82, 3.3),
(22, 17, 63, 2),
(22, 18, 55, 1.7),
(22, 19, 80, 3.3),
(23, 1, 94, 4),
(23, 2, 85, 3.7),
(23, 5, 67, 2.3),
(23, 6, 82, 3.3),
(23, 7, 59, 1.7),
(23, 8, 66, 2.3),
(23, 9, 66, 2.3),
(23, 10, 64, 2),
(23, 11, 62, 2),
(23, 12, 77, 3),
(23, 13, 82, 3.3),
(23, 14, 52, 1.3),
(23, 15, 84, 3.3),
(23, 16, 68, 2.3),
(23, 17, 60, 2),
(23, 18, 85, 3.7),
(23, 19, 62, 2),
(24, 1, 86, 3.7),
(24, 2, 71, 2.7),
(24, 5, 91, 4),
(24, 6, 89, 3.7),
(24, 7, 59, 1.7),
(24, 8, 69, 2.3),
(24, 9, 89, 3.7),
(24, 10, 50, 1.3),
(24, 11, 90, 4),
(24, 12, 84, 3.3),
(24, 13, 82, 3.3),
(24, 14, 58, 1.7),
(24, 15, 89, 3.7),
(24, 16, 67, 2.3),
(24, 17, 58, 1.7),
(24, 18, 62, 2),
(24, 19, 55, 1.7),
(25, 1, 67, 2.3),
(25, 2, 85, 3.7),
(25, 5, 79, 3),
(25, 6, 71, 2.7),
(25, 7, 58, 1.7),
(25, 8, 93, 4),
(25, 9, 84, 3.3),
(25, 10, 81, 3.3),
(25, 11, 86, 3.7),
(25, 12, 74, 2.7),
(25, 13, 54, 1.3),
(25, 14, 51, 1.3),
(25, 15, 65, 2.3),
(25, 16, 67, 2.3),
(25, 17, 88, 3.7),
(25, 18, 62, 2),
(25, 19, 61, 2),
(26, 1, 53, 1.3),
(26, 2, 64, 2),
(26, 5, 81, 3.3),
(26, 6, 56, 1.7),
(26, 7, 74, 2.7),
(26, 8, 81, 3.3),
(26, 9, 51, 1.3),
(26, 10, 69, 2.3),
(26, 11, 60, 2),
(26, 12, 59, 1.7),
(26, 13, 87, 3.7),
(26, 14, 69, 2.3),
(27, 1, 71, 2.7),
(27, 2, 55, 1.7),
(27, 5, 92, 4),
(27, 6, 86, 3.7),
(27, 7, 56, 1.7),
(27, 8, 69, 2.3),
(27, 9, 94, 4),
(27, 10, 58, 1.7),
(27, 11, 85, 3.7),
(27, 12, 86, 3.7),
(27, 13, 50, 1.3),
(27, 14, 65, 2.3),
(28, 1, 91, 4),
(28, 2, 75, 3),
(28, 5, 51, 1.3),
(28, 6, 81, 3.3),
(28, 7, 63, 2),
(28, 8, 90, 4),
(28, 9, 93, 4),
(28, 10, 93, 4),
(28, 11, 80, 3.3),
(28, 12, 82, 3.3),
(28, 13, 73, 2.7),
(28, 14, 67, 2.3),
(29, 1, 84, 3.3),
(29, 2, 68, 2.3),
(29, 5, 87, 3.7),
(29, 6, 86, 3.7),
(29, 7, 94, 4),
(29, 8, 51, 1.3),
(29, 9, 78, 3),
(29, 10, 73, 2.7),
(29, 11, 76, 3),
(29, 12, 60, 2),
(29, 13, 79, 3),
(29, 14, 50, 1.3),
(30, 1, 60, 2),
(30, 2, 67, 2.3),
(30, 5, 85, 3.7),
(30, 6, 59, 1.7),
(30, 7, 51, 1.3),
(30, 8, 76, 3),
(30, 9, 59, 1.7),
(30, 10, 73, 2.7),
(30, 11, 61, 2),
(30, 12, 53, 1.3),
(30, 13, 86, 3.7),
(30, 14, 56, 1.7),
(31, 1, 79, 3),
(31, 5, 78, 3),
(31, 6, 84, 3.3),
(31, 7, 80, 3.3),
(31, 8, 50, 1.3),
(31, 9, 82, 3.3),
(32, 1, 65, 2.3),
(32, 5, 93, 4),
(32, 6, 92, 4),
(32, 7, 65, 2.3),
(32, 8, 54, 1.3),
(32, 9, 73, 2.7),
(33, 1, 81, 3.3),
(33, 5, 60, 2),
(33, 6, 69, 2.3),
(33, 7, 89, 3.7),
(33, 8, 84, 3.3),
(33, 9, 62, 2),
(34, 1, 66, 2.3),
(34, 5, 54, 1.3),
(34, 6, 62, 2),
(34, 7, 94, 4),
(34, 8, 85, 3.7),
(34, 9, 60, 2),
(35, 1, 53, 1.3),
(35, 5, 70, 2.7),
(35, 6, 90, 4),
(35, 7, 58, 1.7),
(35, 8, 79, 3),
(35, 9, 76, 3);

-- --------------------------------------------------------

--
-- Table structure for table `subjecttostudy`
--

CREATE TABLE IF NOT EXISTS `subjecttostudy` (
  `StudentID` smallint(6) NOT NULL,
  `SubjectID` smallint(6) NOT NULL,
  `SectionID` smallint(6) NOT NULL,
  PRIMARY KEY (`StudentID`,`SubjectID`),
  KEY `SectionID` (`SectionID`),
  KEY `SectionID_2` (`SectionID`),
  KEY `SubjectID` (`SubjectID`)
) ENGINE=InnoDB DEFAULT CHARSET=latin1;

--
-- Dumping data for table `subjecttostudy`
--

INSERT INTO `subjecttostudy` (`StudentID`, `SubjectID`, `SectionID`) VALUES
(1, 25, 1),
(1, 37, 1),
(1, 39, 1),
(1, 40, 1),
(1, 41, 1),
(2, 39, 1),
(2, 40, 1),
(2, 41, 1),
(3, 39, 1),
(3, 40, 1),
(3, 41, 1),
(4, 39, 2),
(4, 40, 2),
(4, 41, 2),
(5, 39, 2),
(5, 40, 2),
(5, 41, 2),
(6, 4, 3),
(6, 29, 3),
(6, 35, 3),
(6, 36, 3),
(6, 37, 3),
(7, 4, 3),
(7, 29, 3),
(7, 35, 3),
(7, 36, 3),
(7, 37, 3),
(8, 4, 3),
(8, 29, 3),
(8, 35, 3),
(8, 36, 3),
(8, 37, 3),
(9, 4, 4),
(9, 29, 4),
(9, 35, 4),
(9, 36, 4),
(9, 37, 4),
(10, 4, 4),
(10, 29, 4),
(10, 35, 4),
(10, 36, 4),
(10, 37, 4),
(11, 30, 5),
(11, 31, 5),
(11, 32, 5),
(11, 33, 5),
(11, 34, 5),
(12, 30, 5),
(12, 31, 5),
(12, 32, 5),
(12, 33, 5),
(12, 34, 5),
(13, 30, 5),
(13, 31, 5),
(13, 32, 5),
(13, 33, 5),
(13, 34, 5),
(14, 30, 6),
(14, 31, 6),
(14, 32, 6),
(14, 33, 6),
(14, 34, 6),
(15, 30, 6),
(15, 31, 6),
(15, 32, 6),
(15, 33, 6),
(15, 34, 6),
(16, 3, 7),
(16, 25, 7),
(16, 26, 7),
(16, 27, 7),
(16, 28, 7),
(17, 3, 7),
(17, 25, 7),
(17, 26, 7),
(17, 27, 7),
(17, 28, 7),
(18, 3, 7),
(18, 25, 7),
(18, 26, 7),
(18, 27, 7),
(18, 28, 7),
(19, 3, 8),
(19, 25, 8),
(19, 26, 8),
(19, 27, 8),
(19, 28, 8),
(20, 3, 8),
(20, 25, 8),
(20, 26, 8),
(20, 27, 8),
(20, 28, 8),
(21, 20, 9),
(21, 21, 9),
(21, 22, 9),
(21, 23, 9),
(21, 24, 9),
(22, 20, 9),
(22, 21, 9),
(22, 22, 9),
(22, 23, 9),
(22, 24, 9),
(23, 20, 9),
(23, 21, 9),
(23, 22, 9),
(23, 23, 9),
(23, 24, 9),
(24, 20, 10),
(24, 21, 10),
(24, 22, 10),
(24, 23, 10),
(24, 24, 10),
(25, 20, 10),
(25, 21, 10),
(25, 22, 10),
(25, 23, 10),
(25, 24, 10),
(26, 15, 11),
(26, 16, 11),
(26, 17, 11),
(26, 18, 11),
(26, 19, 11),
(27, 15, 11),
(27, 16, 11),
(27, 17, 11),
(27, 18, 11),
(27, 19, 11),
(28, 15, 11),
(28, 16, 11),
(28, 17, 11),
(28, 18, 11),
(28, 19, 11),
(29, 15, 12),
(29, 16, 12),
(29, 17, 12),
(29, 18, 12),
(29, 19, 12),
(30, 15, 12),
(30, 16, 12),
(30, 17, 12),
(30, 18, 12),
(30, 19, 12),
(31, 2, 13),
(31, 10, 13),
(31, 11, 13),
(31, 12, 13),
(31, 13, 13),
(31, 14, 13),
(32, 2, 13),
(32, 10, 13),
(32, 11, 13),
(32, 12, 13),
(32, 13, 13),
(32, 14, 13),
(33, 2, 13),
(33, 10, 13),
(33, 11, 13),
(33, 12, 13),
(33, 13, 13),
(33, 14, 13),
(34, 2, 14),
(34, 10, 14),
(34, 11, 14),
(34, 12, 14),
(34, 13, 14),
(34, 14, 14),
(35, 2, 14),
(35, 10, 14),
(35, 11, 14),
(35, 12, 14),
(35, 13, 14),
(35, 14, 14),
(36, 1, 15),
(36, 5, 15),
(36, 6, 15),
(36, 7, 15),
(36, 8, 15),
(36, 9, 15),
(37, 1, 15),
(37, 5, 15),
(37, 6, 15),
(37, 7, 15),
(37, 8, 15),
(37, 9, 15),
(38, 1, 15),
(38, 5, 15),
(38, 6, 15),
(38, 7, 15),
(38, 8, 15),
(38, 9, 15),
(39, 1, 16),
(39, 5, 16),
(39, 6, 16),
(39, 7, 16),
(39, 8, 16),
(39, 9, 16),
(40, 1, 16),
(40, 5, 16),
(40, 6, 16),
(40, 7, 16),
(40, 8, 16),
(40, 9, 16);

-- --------------------------------------------------------

--
-- Table structure for table `subjecttoteach`
--

CREATE TABLE IF NOT EXISTS `subjecttoteach` (
  `TeacherID` smallint(6) NOT NULL,
  `ClassID` smallint(6) NOT NULL,
  PRIMARY KEY (`TeacherID`,`ClassID`),
  KEY `FK_SubjectToTeach_Class` (`ClassID`)
) ENGINE=InnoDB DEFAULT CHARSET=latin1;

--
-- Dumping data for table `subjecttoteach`
--

INSERT INTO `subjecttoteach` (`TeacherID`, `ClassID`) VALUES
(1, 163),
(3, 164),
(7, 165),
(4, 167),
(7, 168),
(2, 170),
(3, 171),
(4, 172),
(5, 173),
(2, 175),
(4, 176),
(5, 177),
(6, 178),
(2, 180),
(3, 181),
(4, 182),
(6, 183),
(2, 185),
(3, 186),
(4, 187),
(5, 188),
(2, 190),
(3, 191),
(4, 192),
(6, 193),
(2, 195),
(3, 196),
(4, 197),
(6, 198),
(2, 200),
(3, 201),
(4, 202),
(6, 203),
(2, 205),
(3, 206),
(4, 207),
(7, 208),
(2, 210),
(3, 211),
(4, 212),
(5, 213),
(2, 215),
(4, 216),
(5, 217),
(7, 218),
(2, 220),
(3, 221),
(4, 222),
(5, 223),
(6, 224),
(2, 226),
(3, 227),
(4, 228),
(5, 229),
(7, 230),
(2, 232),
(3, 233),
(4, 234),
(7, 235),
(6, 236),
(2, 238),
(3, 239),
(4, 240),
(5, 241),
(6, 242);

-- --------------------------------------------------------

--
-- Table structure for table `task`
--

CREATE TABLE IF NOT EXISTS `task` (
  `TaskID` smallint(6) NOT NULL AUTO_INCREMENT,
  `TaskType` char(1) NOT NULL,
  `IssueDate` varchar(10) NOT NULL,
  `DueDate` varchar(10) DEFAULT NULL,
  `ContentID` smallint(6) DEFAULT NULL,
  `SolutionID` smallint(6) DEFAULT NULL,
  `TotalMarks` tinyint(3) NOT NULL,
  `TeacherID` smallint(6) NOT NULL,
  `ClassID` smallint(6) NOT NULL,
  `Title` varchar(50) NOT NULL,
  `Description` varchar(150) NOT NULL,
  PRIMARY KEY (`TaskID`),
  KEY `FK_Task_Class` (`ClassID`),
  KEY `FK_Task_Content1` (`SolutionID`),
  KEY `FK_Task_Teacher` (`TeacherID`),
  KEY `ContentID` (`ContentID`,`SolutionID`,`TeacherID`,`ClassID`)
) ENGINE=InnoDB  DEFAULT CHARSET=latin1 AUTO_INCREMENT=414 ;

--
-- Dumping data for table `task`
--

INSERT INTO `task` (`TaskID`, `TaskType`, `IssueDate`, `DueDate`, `ContentID`, `SolutionID`, `TotalMarks`, `TeacherID`, `ClassID`, `Title`, `Description`) VALUES
(12, 'a', '04/27/2013', '05/01/2013', 38, 39, 10, 1, 163, 'Assignment-1', 'Do this task'),
(13, 'a', '05/25/2013', '05/27/2013', NULL, NULL, 5, 1, 163, 'Assignment-2', 'Submit this task in soft form'),
(14, 'q', '04/26/2013', NULL, 40, NULL, 10, 1, 163, 'Quiz-1', 'Do this task in proper format'),
(15, 'q', '05/26/2013', NULL, NULL, NULL, 5, 1, 163, 'Quiz-2', 'Do this task in proper format'),
(16, 's', '04/30/2013', NULL, 41, NULL, 10, 1, 163, 'Sessionals-1', 'Do this task'),
(17, 'a', '04/30/2013', '05/05/2013', 42, 43, 10, 1, 164, 'Assignment-1', 'Submit this task in soft form'),
(18, 'a', '05/28/2013', '06/02/2013', NULL, NULL, 5, 1, 164, 'Assignment-2', 'Keep last lecture in mind doing this task'),
(19, 'q', '04/30/2013', NULL, 44, NULL, 10, 1, 164, 'Quiz-1', 'Hand written task will be accepted'),
(20, 'q', '05/29/2013', NULL, NULL, NULL, 5, 1, 164, 'Quiz-2', 'Submit this task in soft form'),
(21, 's', '04/27/2013', NULL, 45, NULL, 10, 1, 164, 'Sessionals-1', 'Submit this task in soft form'),
(22, 'a', '04/28/2013', '05/03/2013', 46, 47, 10, 1, 165, 'Assignment-1', 'Submit this task in soft form'),
(23, 'a', '05/28/2013', '06/02/2013', NULL, NULL, 5, 1, 165, 'Assignment-2', 'Submit this task in soft form'),
(24, 'q', '04/27/2013', NULL, 48, NULL, 10, 1, 165, 'Quiz-1', 'Keep last lecture in mind doing this task'),
(25, 'q', '05/27/2013', NULL, NULL, NULL, 5, 1, 165, 'Quiz-2', 'Submit this task in soft form'),
(26, 's', '04/26/2013', NULL, 49, NULL, 10, 1, 165, 'Sessionals-1', 'Hand written task will be accepted'),
(27, 'a', '04/28/2013', '05/02/2013', 50, 51, 10, 1, 166, 'Assignment-1', 'Do this task'),
(28, 'a', '05/29/2013', '05/31/2013', NULL, NULL, 5, 1, 166, 'Assignment-2', 'Do this task'),
(29, 'q', '04/26/2013', NULL, 52, NULL, 10, 1, 166, 'Quiz-1', 'Do this task in proper format'),
(30, 'q', '05/26/2013', NULL, NULL, NULL, 5, 1, 166, 'Quiz-2', 'Submit this task in soft form'),
(31, 's', '04/28/2013', NULL, 53, NULL, 10, 1, 166, 'Sessionals-1', 'Submit this task in soft form'),
(32, 'a', '04/28/2013', '05/02/2013', 54, 55, 10, 1, 167, 'Assignment-1', 'Keep last lecture in mind doing this task'),
(33, 'a', '05/27/2013', '05/29/2013', NULL, NULL, 5, 1, 167, 'Assignment-2', 'Do this task in proper format'),
(34, 'q', '04/29/2013', NULL, 56, NULL, 10, 1, 167, 'Quiz-1', 'Submit this task in soft form'),
(35, 'q', '05/25/2013', NULL, NULL, NULL, 5, 1, 167, 'Quiz-2', 'Hand written task will be accepted'),
(36, 's', '04/29/2013', NULL, 57, NULL, 10, 1, 167, 'Sessionals-1', 'Do this task in proper format'),
(37, 'a', '04/26/2013', '04/29/2013', 58, 59, 10, 1, 168, 'Assignment-1', 'Hand written task will be accepted'),
(38, 'a', '05/28/2013', '06/01/2013', NULL, NULL, 5, 1, 168, 'Assignment-2', 'Submit this task in soft form'),
(39, 'q', '04/27/2013', NULL, 60, NULL, 10, 1, 168, 'Quiz-1', 'Do this task in proper format'),
(40, 'q', '05/28/2013', NULL, NULL, NULL, 5, 1, 168, 'Quiz-2', 'Submit this task in soft form'),
(41, 's', '04/30/2013', NULL, 61, NULL, 10, 1, 168, 'Sessionals-1', 'Do this task'),
(42, 'a', '04/27/2013', '05/02/2013', 62, 63, 10, 1, 169, 'Assignment-1', 'Submit this task in soft form'),
(43, 'a', '05/26/2013', '05/28/2013', NULL, NULL, 5, 1, 169, 'Assignment-2', 'Do this task in proper format'),
(44, 'q', '04/30/2013', NULL, 64, NULL, 10, 1, 169, 'Quiz-1', 'Hand written task will be accepted'),
(45, 'q', '05/28/2013', NULL, NULL, NULL, 5, 1, 169, 'Quiz-2', 'Do this task in proper format'),
(46, 's', '04/30/2013', NULL, 65, NULL, 10, 1, 169, 'Sessionals-1', 'Do this task in proper format'),
(47, 'a', '04/26/2013', '05/01/2013', 66, 67, 10, 1, 170, 'Assignment-1', 'Do this task in proper format'),
(48, 'a', '05/27/2013', '06/01/2013', NULL, NULL, 5, 1, 170, 'Assignment-2', 'Submit this task in soft form'),
(49, 'q', '04/26/2013', NULL, 68, NULL, 10, 1, 170, 'Quiz-1', 'Keep last lecture in mind doing this task'),
(50, 'q', '05/26/2013', NULL, NULL, NULL, 5, 1, 170, 'Quiz-2', 'Submit this task in soft form'),
(51, 's', '04/26/2013', NULL, 69, NULL, 10, 1, 170, 'Sessionals-1', 'Keep last lecture in mind doing this task'),
(52, 'a', '04/30/2013', '05/04/2013', 70, 71, 10, 1, 171, 'Assignment-1', 'Do this task in proper format'),
(53, 'a', '05/28/2013', '05/31/2013', NULL, NULL, 5, 1, 171, 'Assignment-2', 'Keep last lecture in mind doing this task'),
(54, 'q', '04/30/2013', NULL, 72, NULL, 10, 1, 171, 'Quiz-1', 'Do this task in proper format'),
(55, 'q', '05/25/2013', NULL, NULL, NULL, 5, 1, 171, 'Quiz-2', 'Keep last lecture in mind doing this task'),
(56, 's', '04/28/2013', NULL, 73, NULL, 10, 1, 171, 'Sessionals-1', 'Do this task in proper format'),
(57, 'a', '04/27/2013', '04/30/2013', 74, 75, 10, 1, 172, 'Assignment-1', 'Submit this task in soft form'),
(58, 'a', '05/27/2013', '05/31/2013', NULL, NULL, 5, 1, 172, 'Assignment-2', 'Submit this task in soft form'),
(59, 'q', '04/29/2013', NULL, 76, NULL, 10, 1, 172, 'Quiz-1', 'Keep last lecture in mind doing this task'),
(60, 'q', '05/25/2013', NULL, NULL, NULL, 5, 1, 172, 'Quiz-2', 'Do this task in proper format'),
(61, 's', '04/27/2013', NULL, 77, NULL, 10, 1, 172, 'Sessionals-1', 'Do this task in proper format'),
(62, 'a', '04/28/2013', '05/01/2013', 78, 79, 10, 1, 173, 'Assignment-1', 'Hand written task will be accepted'),
(63, 'a', '05/25/2013', '05/30/2013', NULL, NULL, 5, 1, 173, 'Assignment-2', 'Hand written task will be accepted'),
(64, 'q', '04/28/2013', NULL, 80, NULL, 10, 1, 173, 'Quiz-1', 'Hand written task will be accepted'),
(65, 'q', '05/28/2013', NULL, NULL, NULL, 5, 1, 173, 'Quiz-2', 'Do this task in proper format'),
(66, 's', '04/28/2013', NULL, 81, NULL, 10, 1, 173, 'Sessionals-1', 'Hand written task will be accepted'),
(67, 'a', '04/29/2013', '05/02/2013', 82, 83, 10, 1, 174, 'Assignment-1', 'Do this task in proper format'),
(68, 'a', '05/28/2013', '05/30/2013', NULL, NULL, 5, 1, 174, 'Assignment-2', 'Hand written task will be accepted'),
(69, 'q', '04/27/2013', NULL, 84, NULL, 10, 1, 174, 'Quiz-1', 'Submit this task in soft form'),
(70, 'q', '05/29/2013', NULL, NULL, NULL, 5, 1, 174, 'Quiz-2', 'Submit this task in soft form'),
(71, 's', '04/29/2013', NULL, 85, NULL, 10, 1, 174, 'Sessionals-1', 'Do this task in proper format'),
(72, 'a', '04/29/2013', '05/03/2013', 86, 87, 10, 1, 175, 'Assignment-1', 'Submit this task in soft form'),
(73, 'a', '05/29/2013', '06/02/2013', NULL, NULL, 5, 1, 175, 'Assignment-2', 'Do this task in proper format'),
(74, 'q', '04/28/2013', NULL, 88, NULL, 10, 1, 175, 'Quiz-1', 'Hand written task will be accepted'),
(75, 'q', '05/25/2013', NULL, NULL, NULL, 5, 1, 175, 'Quiz-2', 'Keep last lecture in mind doing this task'),
(76, 's', '04/28/2013', NULL, 89, NULL, 10, 1, 175, 'Sessionals-1', 'Do this task in proper format'),
(77, 'a', '04/27/2013', '04/29/2013', 90, 91, 10, 1, 176, 'Assignment-1', 'Keep last lecture in mind doing this task'),
(78, 'a', '05/25/2013', '05/29/2013', NULL, NULL, 5, 1, 176, 'Assignment-2', 'Do this task'),
(79, 'q', '04/28/2013', NULL, 92, NULL, 10, 1, 176, 'Quiz-1', 'Keep last lecture in mind doing this task'),
(80, 'q', '05/26/2013', NULL, NULL, NULL, 5, 1, 176, 'Quiz-2', 'Keep last lecture in mind doing this task'),
(81, 's', '04/30/2013', NULL, 93, NULL, 10, 1, 176, 'Sessionals-1', 'Keep last lecture in mind doing this task'),
(82, 'a', '04/30/2013', '05/05/2013', 94, 95, 10, 1, 177, 'Assignment-1', 'Do this task in proper format'),
(83, 'a', '05/27/2013', '05/31/2013', NULL, NULL, 5, 1, 177, 'Assignment-2', 'Keep last lecture in mind doing this task'),
(84, 'q', '04/30/2013', NULL, 96, NULL, 10, 1, 177, 'Quiz-1', 'Submit this task in soft form'),
(85, 'q', '05/25/2013', NULL, NULL, NULL, 5, 1, 177, 'Quiz-2', 'Hand written task will be accepted'),
(86, 's', '04/27/2013', NULL, 97, NULL, 10, 1, 177, 'Sessionals-1', 'Hand written task will be accepted'),
(87, 'a', '04/28/2013', '05/02/2013', 98, 99, 10, 1, 178, 'Assignment-1', 'Do this task in proper format'),
(88, 'a', '05/25/2013', '05/28/2013', NULL, NULL, 5, 1, 178, 'Assignment-2', 'Hand written task will be accepted'),
(89, 'q', '04/30/2013', NULL, 100, NULL, 10, 1, 178, 'Quiz-1', 'Keep last lecture in mind doing this task'),
(90, 'q', '05/27/2013', NULL, NULL, NULL, 5, 1, 178, 'Quiz-2', 'Do this task in proper format'),
(91, 's', '04/27/2013', NULL, 101, NULL, 10, 1, 178, 'Sessionals-1', 'Submit this task in soft form'),
(92, 'a', '04/28/2013', '05/01/2013', 102, 103, 10, 1, 179, 'Assignment-1', 'Do this task'),
(93, 'a', '05/29/2013', '06/02/2013', NULL, NULL, 5, 1, 179, 'Assignment-2', 'Do this task'),
(94, 'q', '04/30/2013', NULL, 104, NULL, 10, 1, 179, 'Quiz-1', 'Do this task'),
(95, 'q', '05/26/2013', NULL, NULL, NULL, 5, 1, 179, 'Quiz-2', 'Do this task in proper format'),
(96, 's', '04/30/2013', NULL, 105, NULL, 10, 1, 179, 'Sessionals-1', 'Keep last lecture in mind doing this task'),
(97, 'a', '04/26/2013', '04/30/2013', 106, 107, 10, 1, 180, 'Assignment-1', 'Keep last lecture in mind doing this task'),
(98, 'a', '05/28/2013', '06/02/2013', NULL, NULL, 5, 1, 180, 'Assignment-2', 'Do this task in proper format'),
(99, 'q', '04/30/2013', NULL, 108, NULL, 10, 1, 180, 'Quiz-1', 'Hand written task will be accepted'),
(100, 'q', '05/26/2013', NULL, NULL, NULL, 5, 1, 180, 'Quiz-2', 'Submit this task in soft form'),
(101, 's', '04/29/2013', NULL, 109, NULL, 10, 1, 180, 'Sessionals-1', 'Do this task in proper format'),
(102, 'a', '04/27/2013', '05/01/2013', 110, 111, 10, 1, 181, 'Assignment-1', 'Submit this task in soft form'),
(103, 'a', '05/26/2013', '05/30/2013', NULL, NULL, 5, 1, 181, 'Assignment-2', 'Keep last lecture in mind doing this task'),
(104, 'q', '04/30/2013', NULL, 112, NULL, 10, 1, 181, 'Quiz-1', 'Do this task'),
(105, 'q', '05/28/2013', NULL, NULL, NULL, 5, 1, 181, 'Quiz-2', 'Hand written task will be accepted'),
(106, 's', '04/26/2013', NULL, 113, NULL, 10, 1, 181, 'Sessionals-1', 'Hand written task will be accepted'),
(107, 'a', '04/28/2013', '05/03/2013', 114, 115, 10, 1, 182, 'Assignment-1', 'Do this task'),
(108, 'a', '05/28/2013', '05/31/2013', NULL, NULL, 5, 1, 182, 'Assignment-2', 'Do this task'),
(109, 'q', '04/30/2013', NULL, 116, NULL, 10, 1, 182, 'Quiz-1', 'Do this task'),
(110, 'q', '05/27/2013', NULL, NULL, NULL, 5, 1, 182, 'Quiz-2', 'Submit this task in soft form'),
(111, 's', '04/28/2013', NULL, 117, NULL, 10, 1, 182, 'Sessionals-1', 'Do this task'),
(112, 'a', '04/29/2013', '05/04/2013', 118, 119, 10, 1, 183, 'Assignment-1', 'Submit this task in soft form'),
(113, 'a', '05/29/2013', '06/02/2013', NULL, NULL, 5, 1, 183, 'Assignment-2', 'Do this task'),
(114, 'q', '04/27/2013', NULL, 120, NULL, 10, 1, 183, 'Quiz-1', 'Hand written task will be accepted'),
(115, 'q', '05/27/2013', NULL, NULL, NULL, 5, 1, 183, 'Quiz-2', 'Do this task'),
(116, 's', '04/29/2013', NULL, 121, NULL, 10, 1, 183, 'Sessionals-1', 'Keep last lecture in mind doing this task'),
(117, 'a', '04/28/2013', '05/01/2013', 122, 123, 10, 1, 184, 'Assignment-1', 'Do this task in proper format'),
(118, 'a', '05/26/2013', '05/29/2013', NULL, NULL, 5, 1, 184, 'Assignment-2', 'Do this task in proper format'),
(119, 'q', '04/28/2013', NULL, 124, NULL, 10, 1, 184, 'Quiz-1', 'Hand written task will be accepted'),
(120, 'q', '05/28/2013', NULL, NULL, NULL, 5, 1, 184, 'Quiz-2', 'Submit this task in soft form'),
(121, 's', '04/27/2013', NULL, 125, NULL, 10, 1, 184, 'Sessionals-1', 'Hand written task will be accepted'),
(122, 'a', '04/30/2013', '05/03/2013', 126, 127, 10, 1, 185, 'Assignment-1', 'Keep last lecture in mind doing this task'),
(123, 'a', '05/26/2013', '05/28/2013', NULL, NULL, 5, 1, 185, 'Assignment-2', 'Hand written task will be accepted'),
(124, 'q', '04/28/2013', NULL, 128, NULL, 10, 1, 185, 'Quiz-1', 'Do this task in proper format'),
(125, 'q', '05/28/2013', NULL, NULL, NULL, 5, 1, 185, 'Quiz-2', 'Do this task'),
(126, 's', '04/26/2013', NULL, 129, NULL, 10, 1, 185, 'Sessionals-1', 'Do this task'),
(127, 'a', '04/28/2013', '05/02/2013', 130, 131, 10, 1, 186, 'Assignment-1', 'Do this task in proper format'),
(128, 'a', '05/25/2013', '05/30/2013', NULL, NULL, 5, 1, 186, 'Assignment-2', 'Submit this task in soft form'),
(129, 'q', '04/29/2013', NULL, 132, NULL, 10, 1, 186, 'Quiz-1', 'Do this task'),
(130, 'q', '05/25/2013', NULL, NULL, NULL, 5, 1, 186, 'Quiz-2', 'Do this task'),
(131, 's', '04/26/2013', NULL, 133, NULL, 10, 1, 186, 'Sessionals-1', 'Hand written task will be accepted'),
(132, 'a', '04/29/2013', '05/02/2013', 134, 135, 10, 1, 187, 'Assignment-1', 'Keep last lecture in mind doing this task'),
(133, 'a', '05/27/2013', '06/01/2013', NULL, NULL, 5, 1, 187, 'Assignment-2', 'Do this task'),
(134, 'q', '04/27/2013', NULL, 136, NULL, 10, 1, 187, 'Quiz-1', 'Do this task in proper format'),
(135, 'q', '05/25/2013', NULL, NULL, NULL, 5, 1, 187, 'Quiz-2', 'Submit this task in soft form'),
(136, 's', '04/26/2013', NULL, 137, NULL, 10, 1, 187, 'Sessionals-1', 'Submit this task in soft form'),
(137, 'a', '04/29/2013', '05/03/2013', 138, 139, 10, 1, 188, 'Assignment-1', 'Hand written task will be accepted'),
(138, 'a', '05/27/2013', '06/01/2013', NULL, NULL, 5, 1, 188, 'Assignment-2', 'Hand written task will be accepted'),
(139, 'q', '04/30/2013', NULL, 140, NULL, 10, 1, 188, 'Quiz-1', 'Do this task in proper format'),
(140, 'q', '05/28/2013', NULL, NULL, NULL, 5, 1, 188, 'Quiz-2', 'Submit this task in soft form'),
(141, 's', '04/27/2013', NULL, 141, NULL, 10, 1, 188, 'Sessionals-1', 'Do this task'),
(142, 'a', '04/28/2013', '05/01/2013', 142, 143, 10, 1, 189, 'Assignment-1', 'Do this task'),
(143, 'a', '05/25/2013', '05/30/2013', NULL, NULL, 5, 1, 189, 'Assignment-2', 'Do this task'),
(144, 'q', '04/30/2013', NULL, 144, NULL, 10, 1, 189, 'Quiz-1', 'Do this task in proper format'),
(145, 'q', '05/25/2013', NULL, NULL, NULL, 5, 1, 189, 'Quiz-2', 'Do this task'),
(146, 's', '04/29/2013', NULL, 145, NULL, 10, 1, 189, 'Sessionals-1', 'Hand written task will be accepted'),
(147, 'a', '04/30/2013', '05/03/2013', 146, 147, 10, 1, 190, 'Assignment-1', 'Submit this task in soft form'),
(148, 'a', '05/27/2013', '05/30/2013', NULL, NULL, 5, 1, 190, 'Assignment-2', 'Keep last lecture in mind doing this task'),
(149, 'q', '04/30/2013', NULL, 148, NULL, 10, 1, 190, 'Quiz-1', 'Hand written task will be accepted'),
(150, 'q', '05/28/2013', NULL, NULL, NULL, 5, 1, 190, 'Quiz-2', 'Do this task'),
(151, 's', '04/28/2013', NULL, 149, NULL, 10, 1, 190, 'Sessionals-1', 'Do this task'),
(152, 'a', '04/27/2013', '04/30/2013', 150, 151, 10, 1, 191, 'Assignment-1', 'Submit this task in soft form'),
(153, 'a', '05/28/2013', '06/01/2013', NULL, NULL, 5, 1, 191, 'Assignment-2', 'Keep last lecture in mind doing this task'),
(154, 'q', '04/26/2013', NULL, 152, NULL, 10, 1, 191, 'Quiz-1', 'Do this task'),
(155, 'q', '05/25/2013', NULL, NULL, NULL, 5, 1, 191, 'Quiz-2', 'Hand written task will be accepted'),
(156, 's', '04/30/2013', NULL, 153, NULL, 10, 1, 191, 'Sessionals-1', 'Submit this task in soft form'),
(157, 'a', '04/26/2013', '04/28/2013', 154, 155, 10, 1, 192, 'Assignment-1', 'Submit this task in soft form'),
(158, 'a', '05/27/2013', '05/31/2013', NULL, NULL, 5, 1, 192, 'Assignment-2', 'Hand written task will be accepted'),
(159, 'q', '04/26/2013', NULL, 156, NULL, 10, 1, 192, 'Quiz-1', 'Do this task'),
(160, 'q', '05/26/2013', NULL, NULL, NULL, 5, 1, 192, 'Quiz-2', 'Do this task in proper format'),
(161, 's', '04/30/2013', NULL, 157, NULL, 10, 1, 192, 'Sessionals-1', 'Do this task'),
(162, 'a', '04/28/2013', '04/30/2013', 158, 159, 10, 1, 193, 'Assignment-1', 'Do this task in proper format'),
(163, 'a', '05/25/2013', '05/30/2013', NULL, NULL, 5, 1, 193, 'Assignment-2', 'Submit this task in soft form'),
(164, 'q', '04/29/2013', NULL, 160, NULL, 10, 1, 193, 'Quiz-1', 'Keep last lecture in mind doing this task'),
(165, 'q', '05/25/2013', NULL, NULL, NULL, 5, 1, 193, 'Quiz-2', 'Do this task in proper format'),
(166, 's', '04/29/2013', NULL, 161, NULL, 10, 1, 193, 'Sessionals-1', 'Hand written task will be accepted'),
(167, 'a', '04/29/2013', '05/02/2013', 162, 163, 10, 1, 194, 'Assignment-1', 'Submit this task in soft form'),
(168, 'a', '05/27/2013', '05/29/2013', NULL, NULL, 5, 1, 194, 'Assignment-2', 'Hand written task will be accepted'),
(169, 'q', '04/28/2013', NULL, 164, NULL, 10, 1, 194, 'Quiz-1', 'Hand written task will be accepted'),
(170, 'q', '05/27/2013', NULL, NULL, NULL, 5, 1, 194, 'Quiz-2', 'Do this task'),
(171, 's', '04/30/2013', NULL, 165, NULL, 10, 1, 194, 'Sessionals-1', 'Do this task'),
(172, 'a', '04/27/2013', '05/01/2013', 166, 167, 10, 1, 195, 'Assignment-1', 'Do this task in proper format'),
(173, 'a', '05/26/2013', '05/31/2013', NULL, NULL, 5, 1, 195, 'Assignment-2', 'Keep last lecture in mind doing this task'),
(174, 'q', '04/27/2013', NULL, 168, NULL, 10, 1, 195, 'Quiz-1', 'Hand written task will be accepted'),
(175, 'q', '05/26/2013', NULL, NULL, NULL, 5, 1, 195, 'Quiz-2', 'Submit this task in soft form'),
(176, 's', '04/30/2013', NULL, 169, NULL, 10, 1, 195, 'Sessionals-1', 'Keep last lecture in mind doing this task'),
(177, 'a', '04/26/2013', '04/28/2013', 170, 171, 10, 1, 196, 'Assignment-1', 'Submit this task in soft form'),
(178, 'a', '05/26/2013', '05/31/2013', NULL, NULL, 5, 1, 196, 'Assignment-2', 'Do this task'),
(179, 'q', '04/30/2013', NULL, 172, NULL, 10, 1, 196, 'Quiz-1', 'Keep last lecture in mind doing this task'),
(180, 'q', '05/25/2013', NULL, NULL, NULL, 5, 1, 196, 'Quiz-2', 'Submit this task in soft form'),
(181, 's', '04/27/2013', NULL, 173, NULL, 10, 1, 196, 'Sessionals-1', 'Do this task'),
(182, 'a', '04/30/2013', '05/04/2013', 174, 175, 10, 1, 197, 'Assignment-1', 'Do this task in proper format'),
(183, 'a', '05/27/2013', '06/01/2013', NULL, NULL, 5, 1, 197, 'Assignment-2', 'Do this task in proper format'),
(184, 'q', '04/30/2013', NULL, 176, NULL, 10, 1, 197, 'Quiz-1', 'Do this task'),
(185, 'q', '05/26/2013', NULL, NULL, NULL, 5, 1, 197, 'Quiz-2', 'Keep last lecture in mind doing this task'),
(186, 's', '04/29/2013', NULL, 177, NULL, 10, 1, 197, 'Sessionals-1', 'Hand written task will be accepted'),
(187, 'a', '04/30/2013', '05/05/2013', 178, 179, 10, 1, 198, 'Assignment-1', 'Keep last lecture in mind doing this task'),
(188, 'a', '05/29/2013', '06/02/2013', NULL, NULL, 5, 1, 198, 'Assignment-2', 'Submit this task in soft form'),
(189, 'q', '04/30/2013', NULL, 180, NULL, 10, 1, 198, 'Quiz-1', 'Submit this task in soft form'),
(190, 'q', '05/28/2013', NULL, NULL, NULL, 5, 1, 198, 'Quiz-2', 'Submit this task in soft form'),
(191, 's', '04/30/2013', NULL, 181, NULL, 10, 1, 198, 'Sessionals-1', 'Hand written task will be accepted'),
(192, 'a', '04/30/2013', '05/04/2013', 182, 183, 10, 1, 199, 'Assignment-1', 'Submit this task in soft form'),
(193, 'a', '05/27/2013', '06/01/2013', NULL, NULL, 5, 1, 199, 'Assignment-2', 'Do this task in proper format'),
(194, 'q', '04/30/2013', NULL, 184, NULL, 10, 1, 199, 'Quiz-1', 'Keep last lecture in mind doing this task'),
(195, 'q', '05/29/2013', NULL, NULL, NULL, 5, 1, 199, 'Quiz-2', 'Do this task in proper format'),
(196, 's', '04/29/2013', NULL, 185, NULL, 10, 1, 199, 'Sessionals-1', 'Do this task'),
(197, 'a', '04/30/2013', '05/02/2013', 186, 187, 10, 1, 200, 'Assignment-1', 'Keep last lecture in mind doing this task'),
(198, 'a', '05/27/2013', '05/31/2013', NULL, NULL, 5, 1, 200, 'Assignment-2', 'Hand written task will be accepted'),
(199, 'q', '04/29/2013', NULL, 188, NULL, 10, 1, 200, 'Quiz-1', 'Hand written task will be accepted'),
(200, 'q', '05/29/2013', NULL, NULL, NULL, 5, 1, 200, 'Quiz-2', 'Do this task in proper format'),
(201, 's', '04/26/2013', NULL, 189, NULL, 10, 1, 200, 'Sessionals-1', 'Hand written task will be accepted'),
(202, 'a', '04/29/2013', '05/01/2013', 190, 191, 10, 1, 201, 'Assignment-1', 'Submit this task in soft form'),
(203, 'a', '05/26/2013', '05/31/2013', NULL, NULL, 5, 1, 201, 'Assignment-2', 'Hand written task will be accepted'),
(204, 'q', '04/29/2013', NULL, 192, NULL, 10, 1, 201, 'Quiz-1', 'Hand written task will be accepted'),
(205, 'q', '05/27/2013', NULL, NULL, NULL, 5, 1, 201, 'Quiz-2', 'Do this task in proper format'),
(206, 's', '04/27/2013', NULL, 193, NULL, 10, 1, 201, 'Sessionals-1', 'Do this task'),
(207, 'a', '04/26/2013', '05/01/2013', 194, 195, 10, 1, 202, 'Assignment-1', 'Do this task in proper format'),
(208, 'a', '05/29/2013', '06/01/2013', NULL, NULL, 5, 1, 202, 'Assignment-2', 'Submit this task in soft form'),
(209, 'q', '04/30/2013', NULL, 196, NULL, 10, 1, 202, 'Quiz-1', 'Hand written task will be accepted'),
(210, 'q', '05/27/2013', NULL, NULL, NULL, 5, 1, 202, 'Quiz-2', 'Do this task in proper format'),
(211, 's', '04/30/2013', NULL, 197, NULL, 10, 1, 202, 'Sessionals-1', 'Hand written task will be accepted'),
(212, 'a', '04/30/2013', '05/04/2013', 198, 199, 10, 1, 203, 'Assignment-1', 'Do this task'),
(213, 'a', '05/28/2013', '05/31/2013', NULL, NULL, 5, 1, 203, 'Assignment-2', 'Do this task'),
(214, 'q', '04/28/2013', NULL, 200, NULL, 10, 1, 203, 'Quiz-1', 'Keep last lecture in mind doing this task'),
(215, 'q', '05/29/2013', NULL, NULL, NULL, 5, 1, 203, 'Quiz-2', 'Do this task in proper format'),
(216, 's', '04/30/2013', NULL, 201, NULL, 10, 1, 203, 'Sessionals-1', 'Do this task in proper format'),
(217, 'a', '04/27/2013', '05/01/2013', 202, 203, 10, 1, 204, 'Assignment-1', 'Keep last lecture in mind doing this task'),
(218, 'a', '05/28/2013', '05/30/2013', NULL, NULL, 5, 1, 204, 'Assignment-2', 'Do this task in proper format'),
(219, 'q', '04/30/2013', NULL, 204, NULL, 10, 1, 204, 'Quiz-1', 'Do this task'),
(220, 'q', '05/29/2013', NULL, NULL, NULL, 5, 1, 204, 'Quiz-2', 'Hand written task will be accepted'),
(221, 's', '04/27/2013', NULL, 205, NULL, 10, 1, 204, 'Sessionals-1', 'Keep last lecture in mind doing this task'),
(222, 'a', '04/30/2013', '05/02/2013', 206, 207, 10, 1, 205, 'Assignment-1', 'Hand written task will be accepted'),
(223, 'a', '05/25/2013', '05/27/2013', NULL, NULL, 5, 1, 205, 'Assignment-2', 'Hand written task will be accepted'),
(224, 'q', '04/27/2013', NULL, 208, NULL, 10, 1, 205, 'Quiz-1', 'Do this task'),
(225, 'q', '05/27/2013', NULL, NULL, NULL, 5, 1, 205, 'Quiz-2', 'Do this task in proper format'),
(226, 's', '04/27/2013', NULL, 209, NULL, 10, 1, 205, 'Sessionals-1', 'Hand written task will be accepted'),
(227, 'a', '04/26/2013', '04/29/2013', 210, 211, 10, 1, 206, 'Assignment-1', 'Do this task'),
(228, 'a', '05/27/2013', '06/01/2013', NULL, NULL, 5, 1, 206, 'Assignment-2', 'Do this task in proper format'),
(229, 'q', '04/30/2013', NULL, 212, NULL, 10, 1, 206, 'Quiz-1', 'Hand written task will be accepted'),
(230, 'q', '05/28/2013', NULL, NULL, NULL, 5, 1, 206, 'Quiz-2', 'Do this task in proper format'),
(231, 's', '04/29/2013', NULL, 213, NULL, 10, 1, 206, 'Sessionals-1', 'Do this task'),
(232, 'a', '04/28/2013', '04/30/2013', 214, 215, 10, 1, 207, 'Assignment-1', 'Do this task'),
(233, 'a', '05/26/2013', '05/31/2013', NULL, NULL, 5, 1, 207, 'Assignment-2', 'Submit this task in soft form'),
(234, 'q', '04/26/2013', NULL, 216, NULL, 10, 1, 207, 'Quiz-1', 'Submit this task in soft form'),
(235, 'q', '05/26/2013', NULL, NULL, NULL, 5, 1, 207, 'Quiz-2', 'Hand written task will be accepted'),
(236, 's', '04/30/2013', NULL, 217, NULL, 10, 1, 207, 'Sessionals-1', 'Do this task'),
(237, 'a', '04/27/2013', '04/30/2013', 218, 219, 10, 1, 208, 'Assignment-1', 'Keep last lecture in mind doing this task'),
(238, 'a', '05/26/2013', '05/29/2013', NULL, NULL, 5, 1, 208, 'Assignment-2', 'Do this task in proper format'),
(239, 'q', '04/30/2013', NULL, 220, NULL, 10, 1, 208, 'Quiz-1', 'Do this task in proper format'),
(240, 'q', '05/26/2013', NULL, NULL, NULL, 5, 1, 208, 'Quiz-2', 'Hand written task will be accepted'),
(241, 's', '04/26/2013', NULL, 221, NULL, 10, 1, 208, 'Sessionals-1', 'Hand written task will be accepted'),
(242, 'a', '04/30/2013', '05/05/2013', 222, 223, 10, 1, 209, 'Assignment-1', 'Do this task in proper format'),
(243, 'a', '05/26/2013', '05/31/2013', NULL, NULL, 5, 1, 209, 'Assignment-2', 'Keep last lecture in mind doing this task'),
(244, 'q', '04/27/2013', NULL, 224, NULL, 10, 1, 209, 'Quiz-1', 'Do this task'),
(245, 'q', '05/26/2013', NULL, NULL, NULL, 5, 1, 209, 'Quiz-2', 'Submit this task in soft form'),
(246, 's', '04/28/2013', NULL, 225, NULL, 10, 1, 209, 'Sessionals-1', 'Keep last lecture in mind doing this task'),
(247, 'a', '04/30/2013', '05/05/2013', 226, 227, 10, 1, 210, 'Assignment-1', 'Keep last lecture in mind doing this task'),
(248, 'a', '05/28/2013', '05/31/2013', NULL, NULL, 5, 1, 210, 'Assignment-2', 'Keep last lecture in mind doing this task'),
(249, 'q', '04/27/2013', NULL, 228, NULL, 10, 1, 210, 'Quiz-1', 'Do this task'),
(250, 'q', '05/26/2013', NULL, NULL, NULL, 5, 1, 210, 'Quiz-2', 'Keep last lecture in mind doing this task'),
(251, 's', '04/27/2013', NULL, 229, NULL, 10, 1, 210, 'Sessionals-1', 'Do this task'),
(252, 'a', '04/29/2013', '05/03/2013', 230, 231, 10, 1, 211, 'Assignment-1', 'Hand written task will be accepted'),
(253, 'a', '05/29/2013', '06/03/2013', NULL, NULL, 5, 1, 211, 'Assignment-2', 'Hand written task will be accepted'),
(254, 'q', '04/30/2013', NULL, 232, NULL, 10, 1, 211, 'Quiz-1', 'Hand written task will be accepted'),
(255, 'q', '05/27/2013', NULL, NULL, NULL, 5, 1, 211, 'Quiz-2', 'Keep last lecture in mind doing this task'),
(256, 's', '04/28/2013', NULL, 233, NULL, 10, 1, 211, 'Sessionals-1', 'Do this task'),
(257, 'a', '04/29/2013', '05/04/2013', 234, 235, 10, 1, 212, 'Assignment-1', 'Submit this task in soft form'),
(258, 'a', '05/25/2013', '05/27/2013', NULL, NULL, 5, 1, 212, 'Assignment-2', 'Do this task'),
(259, 'q', '04/27/2013', NULL, 236, NULL, 10, 1, 212, 'Quiz-1', 'Do this task in proper format'),
(260, 'q', '05/26/2013', NULL, NULL, NULL, 5, 1, 212, 'Quiz-2', 'Submit this task in soft form'),
(261, 's', '04/27/2013', NULL, 237, NULL, 10, 1, 212, 'Sessionals-1', 'Hand written task will be accepted'),
(262, 'a', '04/28/2013', '05/01/2013', 238, 239, 10, 1, 213, 'Assignment-1', 'Keep last lecture in mind doing this task'),
(263, 'a', '05/28/2013', '05/31/2013', NULL, NULL, 5, 1, 213, 'Assignment-2', 'Do this task in proper format'),
(264, 'q', '04/26/2013', NULL, 240, NULL, 10, 1, 213, 'Quiz-1', 'Keep last lecture in mind doing this task'),
(265, 'q', '05/26/2013', NULL, NULL, NULL, 5, 1, 213, 'Quiz-2', 'Do this task in proper format'),
(266, 's', '04/29/2013', NULL, 241, NULL, 10, 1, 213, 'Sessionals-1', 'Hand written task will be accepted'),
(267, 'a', '04/26/2013', '05/01/2013', 242, 243, 10, 1, 214, 'Assignment-1', 'Do this task in proper format'),
(268, 'a', '05/29/2013', '06/02/2013', NULL, NULL, 5, 1, 214, 'Assignment-2', 'Hand written task will be accepted'),
(269, 'q', '04/26/2013', NULL, 244, NULL, 10, 1, 214, 'Quiz-1', 'Do this task'),
(270, 'q', '05/29/2013', NULL, NULL, NULL, 5, 1, 214, 'Quiz-2', 'Submit this task in soft form'),
(271, 's', '04/26/2013', NULL, 245, NULL, 10, 1, 214, 'Sessionals-1', 'Do this task'),
(272, 'a', '04/28/2013', '05/03/2013', 246, 247, 10, 1, 215, 'Assignment-1', 'Hand written task will be accepted'),
(273, 'a', '05/25/2013', '05/28/2013', NULL, NULL, 5, 1, 215, 'Assignment-2', 'Submit this task in soft form'),
(274, 'q', '04/29/2013', NULL, 248, NULL, 10, 1, 215, 'Quiz-1', 'Do this task'),
(275, 'q', '05/28/2013', NULL, NULL, NULL, 5, 1, 215, 'Quiz-2', 'Submit this task in soft form'),
(276, 's', '04/29/2013', NULL, 249, NULL, 10, 1, 215, 'Sessionals-1', 'Hand written task will be accepted'),
(277, 'a', '04/26/2013', '04/28/2013', 250, 251, 10, 1, 216, 'Assignment-1', 'Do this task'),
(278, 'a', '05/26/2013', '05/30/2013', NULL, NULL, 5, 1, 216, 'Assignment-2', 'Do this task in proper format'),
(279, 'q', '04/27/2013', NULL, 252, NULL, 10, 1, 216, 'Quiz-1', 'Do this task'),
(280, 'q', '05/28/2013', NULL, NULL, NULL, 5, 1, 216, 'Quiz-2', 'Keep last lecture in mind doing this task'),
(281, 's', '04/28/2013', NULL, 253, NULL, 10, 1, 216, 'Sessionals-1', 'Do this task'),
(282, 'a', '04/27/2013', '04/30/2013', 254, 255, 10, 1, 217, 'Assignment-1', 'Hand written task will be accepted'),
(283, 'a', '05/26/2013', '05/28/2013', NULL, NULL, 5, 1, 217, 'Assignment-2', 'Submit this task in soft form'),
(284, 'q', '04/28/2013', NULL, 256, NULL, 10, 1, 217, 'Quiz-1', 'Do this task in proper format'),
(285, 'q', '05/28/2013', NULL, NULL, NULL, 5, 1, 217, 'Quiz-2', 'Hand written task will be accepted'),
(286, 's', '04/26/2013', NULL, 257, NULL, 10, 1, 217, 'Sessionals-1', 'Hand written task will be accepted'),
(287, 'a', '04/30/2013', '05/03/2013', 258, 259, 10, 1, 218, 'Assignment-1', 'Keep last lecture in mind doing this task'),
(288, 'a', '05/28/2013', '06/01/2013', NULL, NULL, 5, 1, 218, 'Assignment-2', 'Submit this task in soft form'),
(289, 'q', '04/28/2013', NULL, 260, NULL, 10, 1, 218, 'Quiz-1', 'Submit this task in soft form'),
(290, 'q', '05/27/2013', NULL, NULL, NULL, 5, 1, 218, 'Quiz-2', 'Hand written task will be accepted'),
(291, 's', '04/26/2013', NULL, 261, NULL, 10, 1, 218, 'Sessionals-1', 'Do this task'),
(292, 'a', '04/30/2013', '05/02/2013', 262, 263, 10, 1, 219, 'Assignment-1', 'Keep last lecture in mind doing this task'),
(293, 'a', '05/28/2013', '05/30/2013', NULL, NULL, 5, 1, 219, 'Assignment-2', 'Do this task'),
(294, 'q', '04/27/2013', NULL, 264, NULL, 10, 1, 219, 'Quiz-1', 'Submit this task in soft form'),
(295, 'q', '05/28/2013', NULL, NULL, NULL, 5, 1, 219, 'Quiz-2', 'Hand written task will be accepted'),
(296, 's', '04/29/2013', NULL, 265, NULL, 10, 1, 219, 'Sessionals-1', 'Hand written task will be accepted'),
(297, 'a', '04/28/2013', '05/03/2013', 266, 267, 10, 1, 220, 'Assignment-1', 'Submit this task in soft form'),
(298, 'a', '05/29/2013', '06/01/2013', NULL, NULL, 5, 1, 220, 'Assignment-2', 'Keep last lecture in mind doing this task'),
(299, 'q', '04/28/2013', NULL, 268, NULL, 10, 1, 220, 'Quiz-1', 'Submit this task in soft form'),
(300, 'q', '05/29/2013', NULL, NULL, NULL, 5, 1, 220, 'Quiz-2', 'Do this task'),
(301, 's', '04/27/2013', NULL, 269, NULL, 10, 1, 220, 'Sessionals-1', 'Hand written task will be accepted'),
(302, 'a', '04/30/2013', '05/04/2013', 270, 271, 10, 1, 221, 'Assignment-1', 'Hand written task will be accepted'),
(303, 'a', '05/28/2013', '05/30/2013', NULL, NULL, 5, 1, 221, 'Assignment-2', 'Submit this task in soft form'),
(304, 'q', '04/28/2013', NULL, 272, NULL, 10, 1, 221, 'Quiz-1', 'Hand written task will be accepted'),
(305, 'q', '05/28/2013', NULL, NULL, NULL, 5, 1, 221, 'Quiz-2', 'Do this task'),
(306, 's', '04/26/2013', NULL, 273, NULL, 10, 1, 221, 'Sessionals-1', 'Keep last lecture in mind doing this task'),
(307, 'a', '04/29/2013', '05/04/2013', 274, 275, 10, 1, 222, 'Assignment-1', 'Do this task in proper format'),
(308, 'a', '05/29/2013', '06/02/2013', NULL, NULL, 5, 1, 222, 'Assignment-2', 'Keep last lecture in mind doing this task'),
(309, 'q', '04/26/2013', NULL, 276, NULL, 10, 1, 222, 'Quiz-1', 'Do this task'),
(310, 'q', '05/29/2013', NULL, NULL, NULL, 5, 1, 222, 'Quiz-2', 'Do this task'),
(311, 's', '04/26/2013', NULL, 277, NULL, 10, 1, 222, 'Sessionals-1', 'Do this task in proper format'),
(312, 'a', '04/26/2013', '04/29/2013', 278, 279, 10, 1, 223, 'Assignment-1', 'Do this task in proper format'),
(313, 'a', '05/27/2013', '05/30/2013', NULL, NULL, 5, 1, 223, 'Assignment-2', 'Do this task'),
(314, 'q', '04/29/2013', NULL, 280, NULL, 10, 1, 223, 'Quiz-1', 'Do this task in proper format'),
(315, 'q', '05/27/2013', NULL, NULL, NULL, 5, 1, 223, 'Quiz-2', 'Do this task'),
(316, 's', '04/30/2013', NULL, 281, NULL, 10, 1, 223, 'Sessionals-1', 'Do this task in proper format'),
(317, 'a', '04/29/2013', '05/03/2013', 282, 283, 10, 1, 224, 'Assignment-1', 'Do this task in proper format'),
(318, 'a', '05/27/2013', '06/01/2013', NULL, NULL, 5, 1, 224, 'Assignment-2', 'Do this task'),
(319, 'q', '04/29/2013', NULL, 284, NULL, 10, 1, 224, 'Quiz-1', 'Do this task in proper format'),
(320, 'q', '05/27/2013', NULL, NULL, NULL, 5, 1, 224, 'Quiz-2', 'Keep last lecture in mind doing this task'),
(321, 's', '04/28/2013', NULL, 285, NULL, 10, 1, 224, 'Sessionals-1', 'Hand written task will be accepted'),
(322, 'a', '04/28/2013', '05/02/2013', 286, 287, 10, 1, 225, 'Assignment-1', 'Do this task'),
(323, 'a', '05/29/2013', '06/03/2013', NULL, NULL, 5, 1, 225, 'Assignment-2', 'Hand written task will be accepted'),
(324, 'q', '04/28/2013', NULL, 288, NULL, 10, 1, 225, 'Quiz-1', 'Hand written task will be accepted'),
(325, 'q', '05/27/2013', NULL, NULL, NULL, 5, 1, 225, 'Quiz-2', 'Do this task'),
(326, 's', '04/29/2013', NULL, 289, NULL, 10, 1, 225, 'Sessionals-1', 'Hand written task will be accepted'),
(327, 'a', '04/26/2013', '05/01/2013', 290, 291, 10, 1, 226, 'Assignment-1', 'Hand written task will be accepted'),
(328, 'a', '05/25/2013', '05/28/2013', NULL, NULL, 5, 1, 226, 'Assignment-2', 'Hand written task will be accepted'),
(329, 'q', '04/29/2013', NULL, 292, NULL, 10, 1, 226, 'Quiz-1', 'Do this task in proper format'),
(330, 'q', '05/26/2013', NULL, NULL, NULL, 5, 1, 226, 'Quiz-2', 'Keep last lecture in mind doing this task'),
(331, 's', '04/26/2013', NULL, 293, NULL, 10, 1, 226, 'Sessionals-1', 'Do this task in proper format'),
(332, 'a', '04/29/2013', '05/04/2013', 294, 295, 10, 1, 227, 'Assignment-1', 'Submit this task in soft form'),
(333, 'a', '05/26/2013', '05/28/2013', NULL, NULL, 5, 1, 227, 'Assignment-2', 'Do this task'),
(334, 'q', '04/28/2013', NULL, 296, NULL, 10, 1, 227, 'Quiz-1', 'Submit this task in soft form'),
(335, 'q', '05/26/2013', NULL, NULL, NULL, 5, 1, 227, 'Quiz-2', 'Do this task'),
(336, 's', '04/26/2013', NULL, 297, NULL, 10, 1, 227, 'Sessionals-1', 'Keep last lecture in mind doing this task'),
(337, 'a', '04/28/2013', '04/30/2013', 298, 299, 10, 1, 228, 'Assignment-1', 'Keep last lecture in mind doing this task'),
(338, 'a', '05/29/2013', '06/03/2013', NULL, NULL, 5, 1, 228, 'Assignment-2', 'Hand written task will be accepted'),
(339, 'q', '04/30/2013', NULL, 300, NULL, 10, 1, 228, 'Quiz-1', 'Submit this task in soft form'),
(340, 'q', '05/27/2013', NULL, NULL, NULL, 5, 1, 228, 'Quiz-2', 'Hand written task will be accepted'),
(341, 's', '04/29/2013', NULL, 301, NULL, 10, 1, 228, 'Sessionals-1', 'Do this task in proper format'),
(342, 'a', '04/30/2013', '05/02/2013', 302, 303, 10, 1, 229, 'Assignment-1', 'Hand written task will be accepted'),
(343, 'a', '05/29/2013', '06/03/2013', NULL, NULL, 5, 1, 229, 'Assignment-2', 'Submit this task in soft form'),
(344, 'q', '04/30/2013', NULL, 304, NULL, 10, 1, 229, 'Quiz-1', 'Hand written task will be accepted'),
(345, 'q', '05/26/2013', NULL, NULL, NULL, 5, 1, 229, 'Quiz-2', 'Do this task'),
(346, 's', '04/27/2013', NULL, 305, NULL, 10, 1, 229, 'Sessionals-1', 'Do this task'),
(347, 'a', '04/28/2013', '05/02/2013', 306, 307, 10, 1, 230, 'Assignment-1', 'Do this task'),
(348, 'a', '05/26/2013', '05/28/2013', NULL, NULL, 5, 1, 230, 'Assignment-2', 'Do this task'),
(349, 'q', '04/26/2013', NULL, 308, NULL, 10, 1, 230, 'Quiz-1', 'Keep last lecture in mind doing this task'),
(350, 'q', '05/26/2013', NULL, NULL, NULL, 5, 1, 230, 'Quiz-2', 'Hand written task will be accepted'),
(351, 's', '04/28/2013', NULL, 309, NULL, 10, 1, 230, 'Sessionals-1', 'Hand written task will be accepted'),
(352, 'a', '04/30/2013', '05/02/2013', 310, 311, 10, 1, 231, 'Assignment-1', 'Submit this task in soft form'),
(353, 'a', '05/29/2013', '06/03/2013', NULL, NULL, 5, 1, 231, 'Assignment-2', 'Do this task'),
(354, 'q', '04/30/2013', NULL, 312, NULL, 10, 1, 231, 'Quiz-1', 'Do this task'),
(355, 'q', '05/28/2013', NULL, NULL, NULL, 5, 1, 231, 'Quiz-2', 'Keep last lecture in mind doing this task'),
(356, 's', '04/28/2013', NULL, 313, NULL, 10, 1, 231, 'Sessionals-1', 'Do this task'),
(357, 'a', '04/29/2013', '05/03/2013', 314, 315, 10, 1, 232, 'Assignment-1', 'Do this task'),
(358, 'a', '05/28/2013', '06/01/2013', NULL, NULL, 5, 1, 232, 'Assignment-2', 'Hand written task will be accepted'),
(359, 'q', '04/26/2013', NULL, 316, NULL, 10, 1, 232, 'Quiz-1', 'Do this task in proper format'),
(360, 'q', '05/29/2013', NULL, NULL, NULL, 5, 1, 232, 'Quiz-2', 'Hand written task will be accepted'),
(361, 's', '04/29/2013', NULL, 317, NULL, 10, 1, 232, 'Sessionals-1', 'Do this task'),
(362, 'a', '04/26/2013', '05/01/2013', 318, 319, 10, 1, 233, 'Assignment-1', 'Hand written task will be accepted'),
(363, 'a', '05/26/2013', '05/30/2013', NULL, NULL, 5, 1, 233, 'Assignment-2', 'Keep last lecture in mind doing this task'),
(364, 'q', '04/27/2013', NULL, 320, NULL, 10, 1, 233, 'Quiz-1', 'Keep last lecture in mind doing this task'),
(365, 'q', '05/27/2013', NULL, NULL, NULL, 5, 1, 233, 'Quiz-2', 'Keep last lecture in mind doing this task'),
(366, 's', '04/27/2013', NULL, 321, NULL, 10, 1, 233, 'Sessionals-1', 'Submit this task in soft form'),
(367, 'a', '04/26/2013', '05/01/2013', 322, 323, 10, 1, 234, 'Assignment-1', 'Do this task'),
(368, 'a', '05/28/2013', '06/02/2013', NULL, NULL, 5, 1, 234, 'Assignment-2', 'Submit this task in soft form'),
(369, 'q', '04/26/2013', NULL, 324, NULL, 10, 1, 234, 'Quiz-1', 'Hand written task will be accepted'),
(370, 'q', '05/28/2013', NULL, NULL, NULL, 5, 1, 234, 'Quiz-2', 'Hand written task will be accepted'),
(371, 's', '04/29/2013', NULL, 325, NULL, 10, 1, 234, 'Sessionals-1', 'Submit this task in soft form'),
(372, 'a', '04/29/2013', '05/01/2013', 326, 327, 10, 1, 235, 'Assignment-1', 'Keep last lecture in mind doing this task'),
(373, 'a', '05/28/2013', '05/30/2013', NULL, NULL, 5, 1, 235, 'Assignment-2', 'Hand written task will be accepted'),
(374, 'q', '04/30/2013', NULL, 328, NULL, 10, 1, 235, 'Quiz-1', 'Hand written task will be accepted'),
(375, 'q', '05/27/2013', NULL, NULL, NULL, 5, 1, 235, 'Quiz-2', 'Keep last lecture in mind doing this task'),
(376, 's', '04/30/2013', NULL, 329, NULL, 10, 1, 235, 'Sessionals-1', 'Submit this task in soft form'),
(377, 'a', '04/27/2013', '05/02/2013', 330, 331, 10, 1, 236, 'Assignment-1', 'Do this task in proper format'),
(378, 'a', '05/27/2013', '06/01/2013', NULL, NULL, 5, 1, 236, 'Assignment-2', 'Hand written task will be accepted'),
(379, 'q', '04/29/2013', NULL, 332, NULL, 10, 1, 236, 'Quiz-1', 'Hand written task will be accepted'),
(380, 'q', '05/28/2013', NULL, NULL, NULL, 5, 1, 236, 'Quiz-2', 'Keep last lecture in mind doing this task'),
(381, 's', '04/29/2013', NULL, 333, NULL, 10, 1, 236, 'Sessionals-1', 'Do this task in proper format'),
(382, 'a', '04/27/2013', '05/02/2013', 334, 335, 10, 1, 237, 'Assignment-1', 'Do this task'),
(383, 'a', '05/25/2013', '05/28/2013', NULL, NULL, 5, 1, 237, 'Assignment-2', 'Do this task in proper format'),
(384, 'q', '04/30/2013', NULL, 336, NULL, 10, 1, 237, 'Quiz-1', 'Submit this task in soft form'),
(385, 'q', '05/25/2013', NULL, NULL, NULL, 5, 1, 237, 'Quiz-2', 'Do this task'),
(386, 's', '04/26/2013', NULL, 337, NULL, 10, 1, 237, 'Sessionals-1', 'Do this task'),
(387, 'a', '04/28/2013', '05/02/2013', 338, 339, 10, 1, 238, 'Assignment-1', 'Keep last lecture in mind doing this task'),
(388, 'a', '05/26/2013', '05/31/2013', NULL, NULL, 5, 1, 238, 'Assignment-2', 'Submit this task in soft form'),
(389, 'q', '04/27/2013', NULL, 340, NULL, 10, 1, 238, 'Quiz-1', 'Do this task in proper format'),
(390, 'q', '05/26/2013', NULL, NULL, NULL, 5, 1, 238, 'Quiz-2', 'Submit this task in soft form'),
(391, 's', '04/27/2013', NULL, 341, NULL, 10, 1, 238, 'Sessionals-1', 'Keep last lecture in mind doing this task'),
(392, 'a', '04/26/2013', '04/29/2013', 342, 343, 10, 1, 239, 'Assignment-1', 'Do this task'),
(393, 'a', '05/29/2013', '06/01/2013', NULL, NULL, 5, 1, 239, 'Assignment-2', 'Keep last lecture in mind doing this task'),
(394, 'q', '04/26/2013', NULL, 344, NULL, 10, 1, 239, 'Quiz-1', 'Do this task'),
(395, 'q', '05/25/2013', NULL, NULL, NULL, 5, 1, 239, 'Quiz-2', 'Submit this task in soft form'),
(396, 's', '04/29/2013', NULL, 345, NULL, 10, 1, 239, 'Sessionals-1', 'Do this task in proper format'),
(397, 'a', '04/29/2013', '05/01/2013', 346, 347, 10, 1, 240, 'Assignment-1', 'Do this task in proper format'),
(398, 'a', '05/28/2013', '06/01/2013', NULL, NULL, 5, 1, 240, 'Assignment-2', 'Do this task in proper format'),
(399, 'q', '04/26/2013', NULL, 348, NULL, 10, 1, 240, 'Quiz-1', 'Hand written task will be accepted'),
(400, 'q', '05/26/2013', NULL, NULL, NULL, 5, 1, 240, 'Quiz-2', 'Do this task in proper format'),
(401, 's', '04/28/2013', NULL, 349, NULL, 10, 1, 240, 'Sessionals-1', 'Submit this task in soft form'),
(402, 'a', '04/29/2013', '05/04/2013', 350, 351, 10, 1, 241, 'Assignment-1', 'Keep last lecture in mind doing this task'),
(403, 'a', '05/28/2013', '06/02/2013', NULL, NULL, 5, 1, 241, 'Assignment-2', 'Do this task'),
(404, 'q', '04/28/2013', NULL, 352, NULL, 10, 1, 241, 'Quiz-1', 'Do this task'),
(405, 'q', '05/29/2013', NULL, NULL, NULL, 5, 1, 241, 'Quiz-2', 'Keep last lecture in mind doing this task'),
(406, 's', '04/27/2013', NULL, 353, NULL, 10, 1, 241, 'Sessionals-1', 'Hand written task will be accepted'),
(407, 'a', '04/27/2013', '04/30/2013', 354, 355, 10, 1, 242, 'Assignment-1', 'Keep last lecture in mind doing this task'),
(408, 'a', '05/26/2013', '05/30/2013', NULL, NULL, 5, 1, 242, 'Assignment-2', 'Hand written task will be accepted'),
(409, 'q', '04/27/2013', NULL, 356, NULL, 10, 1, 242, 'Quiz-1', 'Do this task'),
(410, 'q', '05/28/2013', NULL, NULL, NULL, 5, 1, 242, 'Quiz-2', 'Do this task'),
(411, 's', '04/26/2013', NULL, 357, NULL, 10, 1, 242, 'Sessionals-1', 'Do this task in proper format'),
(413, 'q', '06/04/2013', NULL, NULL, NULL, 15, 1, 237, 'Quiz', 'Fstx');

-- --------------------------------------------------------

--
-- Table structure for table `teacher`
--

CREATE TABLE IF NOT EXISTS `teacher` (
  `TeacherID` smallint(6) NOT NULL AUTO_INCREMENT,
  `DepartmentID` smallint(6) NOT NULL,
  `Name` varchar(25) NOT NULL,
  `FatherName` varchar(25) NOT NULL,
  `CNICNo` varchar(17) NOT NULL,
  `Image` varchar(30) DEFAULT NULL,
  `DOB` varchar(10) NOT NULL,
  `JoinDate` varchar(10) NOT NULL,
  `Username` varchar(30) NOT NULL,
  `Password` varchar(30) NOT NULL,
  `PhoneNumber` varchar(15) DEFAULT NULL,
  `MobileNumber` varchar(15) NOT NULL,
  `Email` varchar(50) NOT NULL,
  `PermanentAddress` varchar(100) NOT NULL,
  `PermanentCity` varchar(30) NOT NULL,
  `TempAddress` varchar(100) DEFAULT NULL,
  `TempCity` varchar(30) DEFAULT NULL,
  PRIMARY KEY (`TeacherID`),
  KEY `DisciplineID` (`DepartmentID`)
) ENGINE=InnoDB  DEFAULT CHARSET=latin1 AUTO_INCREMENT=8 ;

--
-- Dumping data for table `teacher`
--

INSERT INTO `teacher` (`TeacherID`, `DepartmentID`, `Name`, `FatherName`, `CNICNo`, `Image`, `DOB`, `JoinDate`, `Username`, `Password`, `PhoneNumber`, `MobileNumber`, `Email`, `PermanentAddress`, `PermanentCity`, `TempAddress`, `TempCity`) VALUES
(1, 4, 'Bilal Ahmad Ghouri', 'Mohammad Ghouri', '3520294594631', 'bilal.png', '12/29/1990', '03/07/2013', 'bilalghouri@msis.com', 'bilal', '0514466714', '03236233870', 'bilal.ahmad.0@hotmail.com', 'House#345, Tramari Roads', 'Rawalpindi', 'House#345, Tramari Roads', 'Islamabad'),
(2, 4, 'Ahsan Adil', 'Adil Ali Khan', '3520265847569', '2.png', '06/27/1985', '04/12/2013', 'ahsan@msis.com', 'ahsan', '0516698574', '03236233870', 'arslan_khalid2009@yahoo.com', 'House#14-B, Sector F-8 Islamabad', 'Islamabad', 'House#14-B, Sector F-8 Islamabad', 'Islamabad'),
(3, 4, 'Adil Pracha', 'Mphammad Pracha', '3201245789586', '3.png', '06/18/1983', '04/12/2013', 'a@msis.com', 'a', '0517854269', '03135002306', 'arslan_khalid34@gmail.com', 'House#24-C, Sector F-9 Islamabad', 'Islamabad', 'House#24-C, Sector F-9 Islamabad', 'Islamabad'),
(4, 4, 'Samreen Idrees', 'Idrees Ahmad', '3256041257896', '4.png', '12/12/1988', '04/12/2013', 'samreen@msis,com', 'samreen', '0514589673', '03335367073', 'arslan_khalid2009@yahoo.com', 'House#34-D, Sector F-10 Islamabad', 'Islamabad', 'House#34-D, Sector F-10 Islamabad', 'Islamabad'),
(5, 4, 'Nazia Anwar', 'Anwar Ali', '3241578954123', '5.png', '12/12/1989', '04/12/2013', 'nazia@msis.com', 'nazia', '0514785214', '03135400271', 'ahsan.sharif007@yahoo.com', 'House#54-B, Sector F-9 Islamabad', 'Islamabad', 'House#54-B, Sector F-9 Islamabad', 'Islamabad'),
(6, 4, 'Ghafoor Malik', 'Malik Ahmad', '3689536487598', '6.png', '12/12/1992', '04/20/2013', 'ghafoor@msis.com', 'ghafoor', '0514462154', '03325465573', 'ahsan.sharif007@gmail.com', 'House#345, Tramari Roads', 'Rawalpindi', 'House#345, Tramari Roads', 'Islamabad'),
(7, 4, 'Awais Allah Dita', 'Allah Dita', '6110145762316', '7.png', '03/02/1992', '03/05/2013', 'awais@msis.com', 'awais', '0514563142', '03455553014', 'ahsan.sharif007@hotmail.com', 'house no. 1440, street no.33', 'islamabad', 'house no. 1440, street no.33', 'islamabad');

-- --------------------------------------------------------

--
-- Table structure for table `teacherfolder`
--

CREATE TABLE IF NOT EXISTS `teacherfolder` (
  `TeacherFolderID` smallint(6) NOT NULL,
  `SSC` varchar(30) NOT NULL,
  `HSSC` varchar(30) NOT NULL,
  `GC` varchar(30) NOT NULL,
  `PGC` varchar(30) DEFAULT NULL,
  PRIMARY KEY (`TeacherFolderID`),
  KEY `teacherfolderID` (`TeacherFolderID`)
) ENGINE=InnoDB DEFAULT CHARSET=latin1;

--
-- Dumping data for table `teacherfolder`
--

INSERT INTO `teacherfolder` (`TeacherFolderID`, `SSC`, `HSSC`, `GC`, `PGC`) VALUES
(1, 'a.jpg', 'b.jpg', 'c.jpg', 'd.jpg');

-- --------------------------------------------------------

--
-- Table structure for table `timetable`
--

CREATE TABLE IF NOT EXISTS `timetable` (
  `SlotID` smallint(6) NOT NULL,
  `RoomID` smallint(6) NOT NULL,
  `ClassID` smallint(6) NOT NULL,
  PRIMARY KEY (`SlotID`,`RoomID`),
  KEY `SlotID` (`SlotID`,`RoomID`,`ClassID`),
  KEY `SlotID_2` (`SlotID`,`RoomID`,`ClassID`),
  KEY `RoomID` (`RoomID`),
  KEY `ClassID` (`ClassID`)
) ENGINE=InnoDB DEFAULT CHARSET=latin1;

--
-- Dumping data for table `timetable`
--

INSERT INTO `timetable` (`SlotID`, `RoomID`, `ClassID`) VALUES
(21, 2, 163),
(7, 2, 164),
(13, 2, 164),
(23, 2, 164),
(62, 11, 165),
(63, 11, 165),
(64, 11, 165),
(65, 11, 165),
(67, 11, 165),
(68, 11, 165),
(70, 11, 165),
(74, 1, 165),
(75, 11, 165),
(76, 11, 165),
(77, 11, 165),
(7, 1, 231),
(65, 9, 231),
(67, 1, 231),
(71, 9, 231),
(13, 1, 232),
(16, 1, 232),
(8, 1, 233),
(9, 1, 233),
(14, 1, 234),
(21, 1, 234),
(15, 1, 235),
(24, 1, 235),
(10, 1, 236),
(18, 1, 236),
(31, 1, 237),
(74, 9, 237),
(19, 1, 238),
(28, 1, 238),
(20, 1, 239),
(30, 1, 239),
(22, 1, 240),
(23, 1, 240),
(77, 10, 240),
(25, 1, 241),
(27, 1, 241),
(26, 1, 242);

--
-- Constraints for dumped tables
--

--
-- Constraints for table `answer`
--
ALTER TABLE `answer`
  ADD CONSTRAINT `answer_ibfk_1` FOREIGN KEY (`QuestionID`) REFERENCES `question` (`QuestionID`),
  ADD CONSTRAINT `answer_ibfk_2` FOREIGN KEY (`AssesmentID`) REFERENCES `assesment` (`AssesmentID`);

--
-- Constraints for table `article`
--
ALTER TABLE `article`
  ADD CONSTRAINT `article_ibfk_1` FOREIGN KEY (`TeacherID`) REFERENCES `teacher` (`TeacherID`),
  ADD CONSTRAINT `article_ibfk_2` FOREIGN KEY (`ContentID`) REFERENCES `content` (`ContentID`);

--
-- Constraints for table `assesment`
--
ALTER TABLE `assesment`
  ADD CONSTRAINT `assesment_ibfk_1` FOREIGN KEY (`StudentID`) REFERENCES `student` (`StudentID`),
  ADD CONSTRAINT `assesment_ibfk_2` FOREIGN KEY (`SubjectID`) REFERENCES `subject` (`SubjectID`),
  ADD CONSTRAINT `assesment_ibfk_3` FOREIGN KEY (`TeacherID`) REFERENCES `teacher` (`TeacherID`),
  ADD CONSTRAINT `assesment_ibfk_4` FOREIGN KEY (`SectionID`) REFERENCES `section` (`SectionID`);

--
-- Constraints for table `attendance`
--
ALTER TABLE `attendance`
  ADD CONSTRAINT `FK_Attendance_Lecture` FOREIGN KEY (`LectureID`) REFERENCES `lecture` (`LectureID`),
  ADD CONSTRAINT `FK_Attendance_Student` FOREIGN KEY (`StudentID`) REFERENCES `student` (`StudentID`);

--
-- Constraints for table `attendent`
--
ALTER TABLE `attendent`
  ADD CONSTRAINT `FK_Attendent_Room` FOREIGN KEY (`RoomID`) REFERENCES `room` (`RoomID`);

--
-- Constraints for table `catalog`
--
ALTER TABLE `catalog`
  ADD CONSTRAINT `FK_Catalog_Discipline` FOREIGN KEY (`DisciplineID`) REFERENCES `discipline` (`DisciplineID`),
  ADD CONSTRAINT `catalog_ibfk_1` FOREIGN KEY (`SubjectID`) REFERENCES `subject` (`SubjectID`);

--
-- Constraints for table `class`
--
ALTER TABLE `class`
  ADD CONSTRAINT `FK_Class_Section` FOREIGN KEY (`SectionID`) REFERENCES `section` (`SectionID`),
  ADD CONSTRAINT `FK_Class_Subject` FOREIGN KEY (`SubjectID`) REFERENCES `subject` (`SubjectID`);

--
-- Constraints for table `classattendance`
--
ALTER TABLE `classattendance`
  ADD CONSTRAINT `classattendance_ibfk_1` FOREIGN KEY (`ClassID`) REFERENCES `class` (`ClassID`),
  ADD CONSTRAINT `classattendance_ibfk_2` FOREIGN KEY (`SlotID`) REFERENCES `slot` (`SlotID`);

--
-- Constraints for table `content`
--
ALTER TABLE `content`
  ADD CONSTRAINT `FK_Content_Teacher` FOREIGN KEY (`TeacherID`) REFERENCES `teacher` (`TeacherID`);

--
-- Constraints for table `coordinator`
--
ALTER TABLE `coordinator`
  ADD CONSTRAINT `coordinator_ibfk_1` FOREIGN KEY (`DepartmentID`) REFERENCES `departments` (`DepartmentID`);

--
-- Constraints for table `discipline`
--
ALTER TABLE `discipline`
  ADD CONSTRAINT `FK_Discipline_Departments` FOREIGN KEY (`DepartmentID`) REFERENCES `departments` (`DepartmentID`),
  ADD CONSTRAINT `FK_Discipline_GraduationLevel` FOREIGN KEY (`GraduationLevelID`) REFERENCES `graduationlevel` (`GraduationLevelID`);

--
-- Constraints for table `dropsubject`
--
ALTER TABLE `dropsubject`
  ADD CONSTRAINT `dropsubject_ibfk_1` FOREIGN KEY (`StudentID`) REFERENCES `student` (`StudentID`),
  ADD CONSTRAINT `dropsubject_ibfk_2` FOREIGN KEY (`SubjectID`) REFERENCES `subject` (`SubjectID`);

--
-- Constraints for table `lecture`
--
ALTER TABLE `lecture`
  ADD CONSTRAINT `FK_Lecture_Class` FOREIGN KEY (`ClassID`) REFERENCES `class` (`ClassID`),
  ADD CONSTRAINT `FK_Lecture_Content` FOREIGN KEY (`ContentID`) REFERENCES `content` (`ContentID`);

--
-- Constraints for table `marks`
--
ALTER TABLE `marks`
  ADD CONSTRAINT `FK_Marks_Student` FOREIGN KEY (`StudentID`) REFERENCES `student` (`StudentID`),
  ADD CONSTRAINT `FK_Marks_Task` FOREIGN KEY (`TaskID`) REFERENCES `task` (`TaskID`);

--
-- Constraints for table `parentinfo`
--
ALTER TABLE `parentinfo`
  ADD CONSTRAINT `FK_ParentInfo_Student` FOREIGN KEY (`ParentInfoID`) REFERENCES `student` (`StudentID`);

--
-- Constraints for table `prereq`
--
ALTER TABLE `prereq`
  ADD CONSTRAINT `FK_PreReq_Subject` FOREIGN KEY (`SubjectID`) REFERENCES `subject` (`SubjectID`),
  ADD CONSTRAINT `FK_PreReq_Subject1` FOREIGN KEY (`PreReqID`) REFERENCES `subject` (`SubjectID`);

--
-- Constraints for table `room`
--
ALTER TABLE `room`
  ADD CONSTRAINT `room_ibfk_1` FOREIGN KEY (`BlockID`) REFERENCES `block` (`BlockID`);

--
-- Constraints for table `section`
--
ALTER TABLE `section`
  ADD CONSTRAINT `FK_Section_Discipline` FOREIGN KEY (`DisciplineID`) REFERENCES `discipline` (`DisciplineID`);

--
-- Constraints for table `student`
--
ALTER TABLE `student`
  ADD CONSTRAINT `student_ibfk_1` FOREIGN KEY (`DisciplineID`) REFERENCES `discipline` (`DisciplineID`),
  ADD CONSTRAINT `student_ibfk_2` FOREIGN KEY (`SessionID`) REFERENCES `session` (`SessionID`),
  ADD CONSTRAINT `student_ibfk_3` FOREIGN KEY (`SectionID`) REFERENCES `section` (`SectionID`);

--
-- Constraints for table `studentfolder`
--
ALTER TABLE `studentfolder`
  ADD CONSTRAINT `FK_StudentFolder_Student` FOREIGN KEY (`FolderID`) REFERENCES `student` (`StudentID`);

--
-- Constraints for table `subject`
--
ALTER TABLE `subject`
  ADD CONSTRAINT `subject_ibfk_1` FOREIGN KEY (`DepartmentID`) REFERENCES `departments` (`DepartmentID`);

--
-- Constraints for table `subjectofinterest`
--
ALTER TABLE `subjectofinterest`
  ADD CONSTRAINT `FK_SubjectOfInterest_Subject` FOREIGN KEY (`SubjectID`) REFERENCES `subject` (`SubjectID`),
  ADD CONSTRAINT `FK_SubjectOfInterest_Teacher` FOREIGN KEY (`TeacherID`) REFERENCES `teacher` (`TeacherID`);

--
-- Constraints for table `subjectstudied`
--
ALTER TABLE `subjectstudied`
  ADD CONSTRAINT `FK_SubjectStudied_Student` FOREIGN KEY (`StudentID`) REFERENCES `student` (`StudentID`),
  ADD CONSTRAINT `FK_SubjectStudied_Subject` FOREIGN KEY (`SubjectID`) REFERENCES `subject` (`SubjectID`);

--
-- Constraints for table `subjecttostudy`
--
ALTER TABLE `subjecttostudy`
  ADD CONSTRAINT `subjecttostudy_ibfk_1` FOREIGN KEY (`StudentID`) REFERENCES `student` (`StudentID`),
  ADD CONSTRAINT `subjecttostudy_ibfk_2` FOREIGN KEY (`SubjectID`) REFERENCES `subject` (`SubjectID`),
  ADD CONSTRAINT `subjecttostudy_ibfk_3` FOREIGN KEY (`SectionID`) REFERENCES `section` (`SectionID`);

--
-- Constraints for table `subjecttoteach`
--
ALTER TABLE `subjecttoteach`
  ADD CONSTRAINT `FK_SubjectToTeach_Class` FOREIGN KEY (`ClassID`) REFERENCES `class` (`ClassID`),
  ADD CONSTRAINT `FK_SubjectToTeach_Teacher` FOREIGN KEY (`TeacherID`) REFERENCES `teacher` (`TeacherID`);

--
-- Constraints for table `task`
--
ALTER TABLE `task`
  ADD CONSTRAINT `FK_Task_Class` FOREIGN KEY (`ClassID`) REFERENCES `class` (`ClassID`),
  ADD CONSTRAINT `FK_Task_Content` FOREIGN KEY (`ContentID`) REFERENCES `content` (`ContentID`),
  ADD CONSTRAINT `FK_Task_Content1` FOREIGN KEY (`SolutionID`) REFERENCES `content` (`ContentID`),
  ADD CONSTRAINT `FK_Task_Teacher` FOREIGN KEY (`TeacherID`) REFERENCES `teacher` (`TeacherID`);

--
-- Constraints for table `teacher`
--
ALTER TABLE `teacher`
  ADD CONSTRAINT `teacher_ibfk_1` FOREIGN KEY (`DepartmentID`) REFERENCES `departments` (`DepartmentID`);

--
-- Constraints for table `teacherfolder`
--
ALTER TABLE `teacherfolder`
  ADD CONSTRAINT `teacherfolder_ibfk_1` FOREIGN KEY (`TeacherFolderID`) REFERENCES `teacher` (`TeacherID`) ON DELETE CASCADE ON UPDATE CASCADE;

--
-- Constraints for table `timetable`
--
ALTER TABLE `timetable`
  ADD CONSTRAINT `timetable_ibfk_1` FOREIGN KEY (`SlotID`) REFERENCES `slot` (`SlotID`),
  ADD CONSTRAINT `timetable_ibfk_2` FOREIGN KEY (`RoomID`) REFERENCES `room` (`RoomID`),
  ADD CONSTRAINT `timetable_ibfk_3` FOREIGN KEY (`ClassID`) REFERENCES `class` (`ClassID`);

/*!40101 SET CHARACTER_SET_CLIENT=@OLD_CHARACTER_SET_CLIENT */;
/*!40101 SET CHARACTER_SET_RESULTS=@OLD_CHARACTER_SET_RESULTS */;
/*!40101 SET COLLATION_CONNECTION=@OLD_COLLATION_CONNECTION */;
